user_id,timestamp,latitude,longitude,speed,direction
4,2024-04-25 02:01:00,37.68745401188474,-122.35492856935902,10.979909127171076,215.5170543109332
4,2024-04-24 14:15:00,37.66560186404425,-122.43440054796639,0.8712541825229919,311.82341247897665
4,2024-04-24 20:30:00,37.710111501174325,-122.3791927422204,0.3087674144370367,349.16754677831796
2,2024-04-24 19:15:00,37.73324426408004,-122.42876608893218,2.727374508106509,66.02562354723618
2,2024-04-25 00:25:00,37.680424224295955,-122.39752435683678,6.479175279631736,104.8424904712951
5,2024-04-24 13:27:00,37.71118528947224,-122.4360506139348,4.3821697280282725,131.890263585729
5,2024-04-24 17:23:00,37.69560699842171,-122.37148240386071,2.995106732375396,185.1243978289002
1,2024-04-25 01:05:00,37.709241456886204,-122.445354958728,9.113172778521575,61.38868452742495
1,2024-04-24 22:08:00,37.65650515929853,-122.35511144627468,14.48448049611839,291.023045321926
2,2024-04-24 15:02:00,37.68046137691734,-122.44023278859937,10.263495397682354,158.45489774625648
5,2024-04-24 10:55:00,37.66220382348448,-122.40048230898888,0.5158278167282759,327.3553447483615
4,2024-04-24 19:39:00,37.675877998160004,-122.38374777156461,4.675666141341164,187.22448762401189
4,2024-04-24 21:59:00,37.70467102793433,-122.43151455444745,14.543769416468379,279.04781641000125
5,2024-04-25 01:37:00,37.74394989415642,-122.36051726495724,8.968499682166277,331.8747246083221
2,2024-04-24 12:17:00,37.65884925020519,-122.43040171375809,0.678409333658071,117.11891907477516
1,2024-04-25 06:50:00,37.68886772896895,-122.42286509682262,12.43106263727894,128.43119760969213
5,2024-04-24 08:45:00,37.67809345096874,-122.39573039168418,2.11386337462144,288.79091307145427
4,2024-04-25 02:40:00,37.65745506436798,-122.35131130633995,11.583671539449861,71.53764535230206
3,2024-04-24 11:28:00,37.650552211712366,-122.36845385715452,10.602860157714257,262.4425804947554
3,2024-04-25 05:06:00,37.7271270346686,-122.4425955348266,5.376985928164089,41.7128614290467
2,2024-04-24 09:50:00,37.736310342587565,-122.38767018731725,4.963470372789738,22.88100610296851
1,2024-04-25 05:38:00,37.68109823217157,-122.41748166779733,10.94409267507096,229.5206896878767
4,2024-04-25 00:39:00,37.738721274257635,-122.40277850748382,1.7939136890745255,256.7681234002782
1,2024-04-25 05:48:00,37.72607850486169,-122.39387228024306,11.564507699318415,177.76641469118067
3,2024-04-24 13:23:00,37.7022732829382,-122.40724589816415,0.3812869011614278,38.8409137175896
3,2024-04-24 13:53:00,37.653142918568676,-122.38635895887363,4.7153397161449,183.085448819293
5,2024-04-24 22:13:00,37.740756647392615,-122.42507077708512,6.155743845534446,271.99840987549754
1,2024-04-24 09:55:00,37.67287981654916,-122.44230200901713,4.346271793706521,58.039663411441595
1,2024-04-24 11:57:00,37.74296976523426,-122.36918796204357,9.501056347656352,313.72581246757835
3,2024-04-24 19:58:00,37.730367207689916,-122.4313429941114,13.388384977349666,194.16320708963426
2,2024-04-24 11:20:00,37.73074401551641,-122.36039087000766,4.770052124577958,39.618692829963635
2,2024-04-24 09:23:00,37.672793516254195,-122.40728922113738,12.270221488837397,309.86300997228363
1,2024-04-24 15:01:00,37.65069521305312,-122.39892526974225,6.261165047231685,79.95881176946288
5,2024-04-24 17:46:00,37.66198653673337,-122.41623848285964,14.143645558687787,116.35305552747188
5,2024-04-25 00:45:00,37.70187906217434,-122.37969810411049,5.454444035689409,349.84154977954586
5,2024-04-24 09:46:00,37.746244729494215,-122.42482177041747,7.4587275883857815,108.31619153403707
4,2024-04-25 02:21:00,37.67848404943775,-122.44631130526456,9.143465009698453,180.96444836239013
5,2024-04-24 12:32:00,37.655147875125,-122.42213535357635,13.623988289499806,86.24228064011007
5,2024-04-25 02:57:00,37.664489487209124,-122.40105472397225,14.78475681165901,87.13989774414014
1,2024-04-24 14:05:00,37.71721355474059,-122.37383803846713,3.564563159885995,262.15788550026946
2,2024-04-24 09:53:00,37.68677831327193,-122.38676941694065,9.50294566141342,192.87888626691304
3,2024-04-24 08:13:00,37.65902897700544,-122.36646975044108,4.811700974576038,67.14666374394753
1,2024-04-24 21:05:00,37.65407751415548,-122.39091070568118,10.163465427634236,5.971618414028215
4,2024-04-24 22:42:00,37.701209305829934,-122.42735042248022,9.677591856141747,62.771914441796916
1,2024-04-24 09:40:00,37.71909377381025,-122.41132646536995,14.050949831051017,49.507539892557574
3,2024-04-25 02:40:00,37.68410663510503,-122.43865264787594,13.870404274178442,315.8421672171532
5,2024-04-24 09:55:00,37.67579416277152,-122.38400159539658,12.258333003018237,199.87229217580645
4,2024-04-24 14:06:00,37.702965057835605,-122.42581477090997,1.396541517088488,322.99767286319764
2,2024-04-24 18:41:00,37.74004180571634,-122.38668985427267,5.0854468657305105,125.71544686055792
2,2024-04-24 14:27:00,37.722595567887026,-122.36028897400475,13.30629636397676,280.7551965087446
1,2024-04-24 18:36:00,37.714203164615434,-122.4415860035005,2.4244307114192063,323.47950786974855
5,2024-04-24 12:48:00,37.71064290596596,-122.44908029483834,1.5220731429904815,238.8606368789001
5,2024-04-25 00:13:00,37.65050615838462,-122.43391919485826,8.231006840498791,249.08227116936956
2,2024-04-24 21:36:00,37.715196125950264,-122.42757306905395,10.682688320213037,85.40967149884803
2,2024-04-24 22:42:00,37.68253996981593,-122.37535085948821,9.74449348570822,305.72042777790404
4,2024-04-25 01:55:00,37.71576128923004,-122.39316913966645,1.4051215174213871,132.37768910139607
1,2024-04-24 21:23:00,37.67652023676818,-122.4256010356621,14.595158321286684,141.51518088003374
2,2024-04-25 07:01:00,37.73920465551772,-122.38688613740028,11.922169553124727,180.94935351786916
1,2024-04-25 04:54:00,37.70769038846264,-122.40074823061812,2.9286448169706674,260.0827614941419
5,2024-04-24 17:50:00,37.678077236244086,-122.44756840335685,9.682084438607518,63.75984458653762
2,2024-04-25 03:08:00,37.74404585843529,-122.35460714229974,13.722965853306729,133.25713209196
3,2024-04-24 20:55:00,37.65154566165289,-122.35716814374123,6.422762224759715,347.995734855721
1,2024-04-24 10:34:00,37.74636199770893,-122.36469905445327,4.416733381043786,138.6351822966931
2,2024-04-25 06:12:00,37.73511366715169,-122.41830779948438,2.5423912002913873,200.44845448500607
3,2024-04-24 19:13:00,37.74361547741608,-122.38039702033251,8.550917551340474,34.983537757476675
3,2024-04-24 20:10:00,37.71150072266992,-122.35099461498957,2.1012602285478605,186.59867485094523
4,2024-04-24 08:09:00,37.737737307192795,-122.37592313822458,10.45523611492902,252.89427023535933
4,2024-04-24 15:01:00,37.68594911512198,-122.42064081557356,12.140417332177705,291.6408220845051
4,2024-04-25 03:13:00,37.73670723185801,-122.35867594474436,7.670135982914067,180.54586608739186
4,2024-04-24 19:39:00,37.72982951789668,-122.38500360692223,10.52950315886555,286.4853609969964
3,2024-04-24 17:55:00,37.73900053418176,-122.41620048431486,5.63374428959916,33.83349834271284
3,2024-04-24 20:16:00,37.70782801409962,-122.44640577262034,6.983970271986903,195.35206849472758
4,2024-04-24 23:39:00,37.67865412521283,-122.39091667394311,0.45750374908574143,13.44534794971719
2,2024-04-24 18:42:00,37.73226005606597,-122.41398093585887,1.9059076897782719,188.00757361972958
5,2024-04-24 09:14:00,37.726999355309864,-122.42841789725033,9.343357137285004,30.72508739775648
3,2024-04-24 18:11:00,37.655168172116866,-122.3968645368432,8.109526824151597,229.47476453935437
3,2024-04-25 06:06:00,37.722609133372266,-122.35241479205375,7.74450522451793,116.26433025884855
2,2024-04-24 15:05:00,37.72951861947687,-122.4229167748738,6.584571310584542,28.244297283215744
5,2024-04-25 02:58:00,37.65253507434155,-122.35373515853222,12.539701807683088,250.55071419373127
3,2024-04-24 13:42:00,37.69089529444143,-122.43267056799291,2.3465556400662906,90.08744333925432
3,2024-04-24 08:07:00,37.704922666470615,-122.37854040773,9.90296065076597,100.77620290053942
3,2024-04-24 22:42:00,37.74548652806632,-122.37621030833043,8.31531078767101,220.2194686443668
2,2024-04-24 23:55:00,37.69196000624278,-122.4252269010499,5.339590179768924,272.82459976717286
3,2024-04-24 19:53:00,37.65143934886298,-122.43839273594931,0.6900396303262912,14.662368834829248
1,2024-04-24 19:45:00,37.735546058401106,-122.37963421406201,7.112607436309878,35.22029783436053
4,2024-04-24 20:29:00,37.69916158751169,-122.40265282292195,2.5980280486502276,156.1865937256703
3,2024-04-25 06:21:00,37.68985047343974,-122.38841499019479,9.526404763014657,16.309443517936025
2,2024-04-24 18:54:00,37.68746126146265,-122.38741400842858,7.547043878701316,308.33634282779605
2,2024-04-25 00:09:00,37.7158693631619,-122.43370655729186,1.0585312110064478,231.27094015427363
1,2024-04-24 09:32:00,37.652651131054164,-122.39142244187266,14.103453621374364,207.17070403531642
3,2024-04-24 14:47:00,37.68881699262065,-122.38567117815577,6.873793357372749,196.42204415373658
3,2024-04-25 02:12:00,37.74414648087765,-122.41138973621993,14.417858457358713,325.92623110418293
3,2024-04-25 05:12:00,37.66957911347893,-122.44306386991249,1.5116700206613998,6.559857234557902
5,2024-04-24 18:47:00,37.6594442960756,-122.38169932265836,1.067829726903435,114.83122690575406
5,2024-04-25 01:33:00,37.734487531096946,-122.44767280642643,12.217027238834037,101.46771891842397
4,2024-04-24 14:21:00,37.66181648276217,-122.38032628346359,9.43414270169826,315.88992486973905
2,2024-04-24 20:54:00,37.72350710438039,-122.36965190696152,4.2305185885695975,63.878235760700214
3,2024-04-24 09:33:00,37.72506147516409,-122.36931652607328,14.8575771300101,148.54236368811354
5,2024-04-24 18:50:00,37.68720180857928,-122.37235870392581,5.112053103795268,335.0726372172833
4,2024-04-24 21:43:00,37.735841275184306,-122.4071005972625,11.263066016872461,271.63543467048567
5,2024-04-24 19:55:00,37.6603123868836,-122.35974470933205,7.578785586717857,297.524687798787
1,2024-04-25 04:08:00,37.682004960103065,-122.36044767715039,5.838025181012447,3.9015545329074097
2,2024-04-24 22:47:00,37.74053819764193,-122.4408713323214,4.789704563856223,342.02230813828976
2,2024-04-25 03:27:00,37.74506071469376,-122.39265621118767,9.47755818254699,161.44038791219512
1,2024-04-25 07:33:00,37.67932107716981,-122.41713354546302,10.087776841155577,270.8548305975648
4,2024-04-24 11:33:00,37.729157904372585,-122.37103818572055,1.3680915457303555,177.99130969292932
2,2024-04-24 23:53:00,37.65575587600167,-122.39504711176764,6.6229575206006555,319.57350579298793
3,2024-04-24 08:30:00,37.68509150125521,-122.43829329835725,2.144875230792538,274.14382741829
1,2024-04-24 17:35:00,37.71182180633163,-122.43988773238773,1.2616020917249615,252.3488873252832
1,2024-04-24 23:55:00,37.657276300636426,-122.36781399407097,10.593633407347443,29.285561031083915
3,2024-04-25 05:15:00,37.65848377140852,-122.35133604214988,5.6140619363418045,133.43117294408074
3,2024-04-24 11:56:00,37.73127995672575,-122.35527514226162,14.790015957343064,271.216146693219
5,2024-04-24 16:23:00,37.68762595855309,-122.44164992833014,11.657203738911551,201.02552990488982
3,2024-04-24 13:48:00,37.6924222009247,-122.35936456149054,1.6679622345922702,177.3450375447093
4,2024-04-24 19:44:00,37.651135364476744,-122.4031339358006,0.8445491352275603,42.77444985650589
2,2024-04-25 01:56:00,37.66175262467771,-122.3850789697884,11.19067318898135,210.01275543497746
5,2024-04-25 05:46:00,37.74621725484746,-122.41251294204764,4.285681294227911,312.6956861482057
4,2024-04-24 23:19:00,37.67235958385195,-122.35367774605595,0.18231712034724512,349.15637761475006
2,2024-04-24 19:16:00,37.65431599119506,-122.3608856886302,7.915516636294498,357.4673266029481
4,2024-04-25 00:14:00,37.657379656473545,-122.39461457155987,14.539538034286485,188.31522390125357
4,2024-04-24 22:06:00,37.71293986381353,-122.38042513110155,6.818115971516598,225.92090883026285
5,2024-04-24 23:59:00,37.70843143119231,-122.35988419895091,0.6816957051218681,101.14674825320292
5,2024-04-24 09:48:00,37.74504114840766,-122.36097362161091,6.834851291785694,223.24773520855322
2,2024-04-24 11:08:00,37.677738118298116,-122.43118788402764,6.955476074099733,127.20680208937901
1,2024-04-24 14:30:00,37.70836561118509,-122.44222653630351,14.615922114992497,355.03586801265703
2,2024-04-25 04:50:00,37.71981617140198,-122.3963903633656,4.642914244294916,292.9662070945015
5,2024-04-24 17:12:00,37.71847311725539,-122.43373830606552,13.663907767407636,296.1134074523408
1,2024-04-24 09:57:00,37.744979991329195,-122.37742804916117,9.201227939036848,150.5674930646228
5,2024-04-24 09:18:00,37.7432728483354,-122.36339361104997,0.6782800515928411,9.492110819010723
2,2024-04-24 22:32:00,37.687646336687806,-122.36894466692182,14.809141939724167,54.15008079727015
3,2024-04-25 03:15:00,37.70941307153522,-122.4119109143369,14.548715967219048,303.1628123288551
1,2024-04-24 08:46:00,37.73383287047112,-122.40313068402051,6.222292535064978,98.42654589505425
4,2024-04-25 07:48:00,37.655637549665094,-122.3635277623745,12.193515136951163,359.898362383007
3,2024-04-24 13:08:00,37.749663683707396,-122.39445682943975,11.534811227707657,340.1156627576741
3,2024-04-24 19:27:00,37.73496473906774,-122.42526518982568,6.758162029651403,46.497389454538194
4,2024-04-25 07:47:00,37.745405102725876,-122.38938253655492,3.4296420825519407,241.81224638610843
2,2024-04-24 18:56:00,37.71181282404579,-122.41418372819672,1.7033638829944353,241.76635041340785
5,2024-04-24 16:49:00,37.70203077009038,-122.37276816082644,7.802452516679901,306.78534011467445
5,2024-04-25 02:49:00,37.705190683877454,-122.39390620284647,13.149804039875175,145.25383183646292
4,2024-04-24 10:43:00,37.663401522845064,-122.44712173236867,11.327058835104285,223.31143848724727
1,2024-04-24 19:10:00,37.72040797680992,-122.42870358384911,2.0455721338015467,5.236079640437494
1,2024-04-24 20:11:00,37.68505875588066,-122.39100823131454,5.8836606764959845,157.49097192854245
4,2024-04-25 02:10:00,37.74041586944938,-122.41517445329768,7.709842337397162,282.1150845868115
4,2024-04-24 21:37:00,37.68965427823213,-122.38779132997722,12.935455631201178,341.82742451675114
2,2024-04-25 02:09:00,37.664707348092904,-122.35734123748385,7.381744396193072,92.96797978762501
1,2024-04-24 13:09:00,37.69591357562383,-122.35199674247146,7.389271409893044,118.35057970350296
5,2024-04-24 13:50:00,37.713340085431675,-122.42598543812218,1.137949921629959,46.39669988783372
4,2024-04-24 09:08:00,37.66280458389578,-122.43480973064878,2.082407589741152,230.71490812915727
2,2024-04-24 13:57:00,37.66818800843992,-122.41543327166762,13.451826148590177,170.62619049463405
2,2024-04-24 21:05:00,37.71675577385211,-122.43276801287985,2.8843352821300616,14.71270185593239
3,2024-04-24 20:36:00,37.66689350630722,-122.4221409660968,2.6551572641512022,31.93291215254002
4,2024-04-24 14:40:00,37.66206358711006,-122.40392212319674,3.0950057760868876,131.13714997730716
1,2024-04-25 07:56:00,37.70034172708549,-122.38096051713707,0.589682097616484,287.7877436072554
2,2024-04-24 12:25:00,37.712790038949095,-122.44182409680512,13.103679361601658,331.51406419145275
3,2024-04-24 11:53:00,37.65610779598549,-122.42231223518529,12.09301919689592,269.373488538117
1,2024-04-25 04:24:00,37.66845210193564,-122.42906506766633,5.55708154187073,174.42827466876767
4,2024-04-24 15:37:00,37.711825477153035,-122.41310863604303,6.938020741997218,269.0895377281524
4,2024-04-24 18:30:00,37.653668320289064,-122.42475630556561,10.700243788268287,322.27446156739177
1,2024-04-24 11:59:00,37.70116774421157,-122.39678865147347,1.6075801700966408,161.06845205644368
3,2024-04-24 12:12:00,37.70326172664551,-122.42575294963653,4.0386484642407146,135.82229871766415
5,2024-04-25 01:03:00,37.65200711977778,-122.41779208344168,3.17172010494817,117.89904678404928
2,2024-04-24 16:22:00,37.66197621318193,-122.36094727192602,8.90388680331073,244.47683489201626
2,2024-04-24 08:36:00,37.72891712386074,-122.4001557801071,1.3038043213113553,193.3583550546772
4,2024-04-24 21:26:00,37.70868411180209,-122.37545605258157,6.474893193445191,45.928909006402954
2,2024-04-25 05:17:00,37.67837759057988,-122.41369177036015,9.688758619974019,205.48018968080828
3,2024-04-24 11:20:00,37.685609672589784,-122.3513484751207,9.086622290353308,85.40164502495801
2,2024-04-24 08:30:00,37.660178247262046,-122.43471408608157,3.689365925767622,57.84529437344004
1,2024-04-25 06:17:00,37.66865670240513,-122.42149048313063,2.6006039294213226,322.8355528655131
3,2024-04-24 11:06:00,37.65802337456617,-122.39754886104298,6.155952404844923,353.6563020870983
5,2024-04-25 05:02:00,37.66120389021681,-122.41021444009543,14.542056499130533,311.5825653218329
1,2024-04-25 00:25:00,37.73170720709493,-122.42420971729551,2.563313810850987,240.71155917279515
1,2024-04-25 00:36:00,37.74293759891276,-122.39432371069861,8.574190342048498,100.79247371770231
3,2024-04-24 08:28:00,37.726949293319194,-122.43129562514426,4.855188546063655,153.15711790191003
5,2024-04-24 12:01:00,37.700761037868446,-122.4257590267585,1.722552371088053,219.82321527898773
4,2024-04-24 10:02:00,37.67886305532403,-122.39187617785774,2.3154407291130346,173.21043666773429
5,2024-04-24 13:14:00,37.703258943255165,-122.44481764631776,5.049064172908809,48.389283698030724
2,2024-04-24 21:50:00,37.65633749704728,-122.351003976761,4.835307674620845,291.5548005076686
2,2024-04-24 17:38:00,37.675464065476376,-122.3818497277776,11.403417898345298,214.42994661882395
4,2024-04-25 07:09:00,37.697157618855016,-122.40881590858528,5.23302399814493,334.6304919292173
4,2024-04-24 11:58:00,37.733061940778775,-122.35349730893336,1.864458352283171,263.11229107331195
5,2024-04-25 04:58:00,37.74383404568211,-122.43187669338344,0.9974440105016624,266.8034337444213
1,2024-04-24 21:24:00,37.70744731131799,-122.36581712232417,2.0965856493943424,286.29623226956045
5,2024-04-25 07:01:00,37.670162732004776,-122.43363440571343,2.4639869689648943,293.2468992832976
3,2024-04-25 05:45:00,37.71651972206962,-122.39769345752309,5.3824572618525375,315.79219469271897
3,2024-04-24 23:03:00,37.68924451074226,-122.36834005605284,6.587023628553276,135.69999459296673
4,2024-04-24 21:10:00,37.696267978566965,-122.4198622125836,11.214140702643768,180.9793404332925
5,2024-04-24 16:42:00,37.673221269514684,-122.36004254267255,5.758368320598171,195.6790300010359
2,2024-04-24 09:56:00,37.74064721109646,-122.3875762004086,1.753470610625461,338.33956450085105
5,2024-04-24 20:44:00,37.712770805307144,-122.41650943853429,2.0890810899508088,285.8490681373066
5,2024-04-24 08:24:00,37.71200727559285,-122.39665389080237,13.408388745764364,283.8949960408311
3,2024-04-24 22:17:00,37.66516748797328,-122.41882779322044,3.727337097216986,267.8206653261637
5,2024-04-24 19:41:00,37.65335324347358,-122.39301103151287,11.436880286110359,315.6356292342298
1,2024-04-24 21:59:00,37.68420817487159,-122.3678742695328,1.6594760543281084,304.7228250244265
1,2024-04-24 14:24:00,37.6627488662332,-122.41027127094397,11.959430486693304,53.97027384555856
5,2024-04-24 19:12:00,37.672925139523265,-122.3777747431607,10.800548048191116,230.81314783870704
1,2024-04-24 14:53:00,37.71939484444671,-122.39572755566525,3.7769858836042913,124.450557661411
5,2024-04-25 06:03:00,37.668159771680145,-122.35915494386664,8.750876921491807,144.30651003491036
1,2024-04-24 22:30:00,37.69620058036442,-122.35527166603882,2.300271046741203,211.042739526047
3,2024-04-24 12:21:00,37.70058886788845,-122.38885457645654,0.27165275731260763,313.96460721989456
2,2024-04-24 22:15:00,37.74321182824836,-122.39348668164108,10.449762358153384,332.09977722382644
5,2024-04-25 03:14:00,37.720723863431346,-122.43474609570858,8.644325402502197,218.41741669782812
3,2024-04-25 00:15:00,37.69241306713024,-122.37635557643753,14.015505221535223,333.2046646464395
4,2024-04-25 02:30:00,37.69508393714042,-122.43867619541594,14.77261798443502,302.0033111205363
1,2024-04-24 20:15:00,37.662466268120326,-122.35791581173827,13.048445430931924,186.78170056538596
5,2024-04-24 12:49:00,37.709127543574496,-122.410099729613,0.82142458233047,120.67100699252433
5,2024-04-25 05:00:00,37.7302853448598,-122.44953679769955,5.002487575367162,143.3407296927396
3,2024-04-25 04:42:00,37.7037395602938,-122.35801443835874,5.1951899154894186,124.90315268264197
2,2024-04-24 08:53:00,37.72375012481098,-122.40477820591103,3.369072344099729,162.8782258077696
1,2024-04-25 00:54:00,37.66408570203798,-122.43236130134939,7.475516591092196,150.81316182163724
1,2024-04-24 10:29:00,37.741484590106815,-122.41376061008835,8.708825254170652,227.61514365103093
2,2024-04-24 08:15:00,37.65130944565884,-122.38364626279834,2.6705395030462715,345.98531428900384
2,2024-04-24 09:27:00,37.66486627277531,-122.40853758762731,1.2802450211796579,358.87473066454106
1,2024-04-24 16:14:00,37.700219501033125,-122.390461498268,1.006147160826412,269.985769343704
2,2024-04-24 14:44:00,37.67099055930956,-122.36019457105593,3.0770946072301077,68.64757943891996
3,2024-04-24 11:45:00,37.65365496678481,-122.40279330548901,8.472616998939246,23.655110194206852
4,2024-04-24 11:50:00,37.72755276166951,-122.40467111652521,7.8658540399137005,158.67458889776213
2,2024-04-24 19:36:00,37.69007630608753,-122.39403596686918,2.328603688960688,65.4941269782976
3,2024-04-25 05:53:00,37.73617856210136,-122.35538845378665,5.599639744196294,97.46808233167935
3,2024-04-24 10:53:00,37.7143999543239,-122.4091265828902,0.3807953349051729,56.21493505182853
2,2024-04-24 09:56:00,37.72159722288474,-122.38410760580899,0.40643988755225235,79.9099782958618
2,2024-04-24 23:03:00,37.67310747965881,-122.38281072564013,0.2956580663154623,37.479089514446585
3,2024-04-24 15:28:00,37.72999160853732,-122.43214553379457,9.79119161777812,85.74580117682154
1,2024-04-24 08:59:00,37.659944139275936,-122.42568278090006,10.834003977834888,308.0507285182629
4,2024-04-24 09:41:00,37.7330219864567,-122.41028164703816,10.021277048559693,73.79434634969554
1,2024-04-24 16:40:00,37.67931477302611,-122.36036641814789,0.19502885266104053,30.783071107608507
3,2024-04-24 20:04:00,37.670788625514604,-122.44734677961263,2.7215315263469595,209.89496194908918
3,2024-04-24 13:37:00,37.692142455059255,-122.36073282889231,12.261653426076613,123.05424661123536
2,2024-04-25 06:34:00,37.67594234334313,-122.41203075918328,8.854424137722116,96.50291069623546
2,2024-04-24 13:17:00,37.71241489078491,-122.40905883478088,8.280707712779703,157.005550488714
4,2024-04-24 08:29:00,37.679446575954195,-122.35515466930379,11.454086912396413,50.44074327592292
2,2024-04-24 16:13:00,37.73684679758979,-122.40125688017505,13.41828340341137,287.9478921410335
3,2024-04-24 21:20:00,37.692521350446924,-122.44775306916799,4.030160390774191,194.9883172779121
2,2024-04-24 11:33:00,37.713347821982616,-122.42421123145668,2.090341111092362,300.57488524774766
2,2024-04-24 16:11:00,37.74844021807036,-122.39743098176973,2.5751892877245526,98.03063754697283
4,2024-04-24 11:42:00,37.65183906765475,-122.35857011934395,1.766266243352117,207.54593118513128
3,2024-04-25 01:10:00,37.677405522068725,-122.39458219974843,9.771305825277963,298.70704933459257
1,2024-04-24 08:00:00,37.670642127176066,-122.44890041713415,2.053284451032109,324.00671106531786
1,2024-04-24 11:01:00,37.737389007756256,-122.39025868978297,9.0077529065048,239.41320283665198
5,2024-04-24 12:19:00,37.667537127862346,-122.35855880540751,6.281557873381097,137.92987016981908
4,2024-04-25 07:02:00,37.701891770528285,-122.4453034033225,2.494250531341191,265.69210191349333
4,2024-04-24 13:44:00,37.65827986679252,-122.38968478905336,3.6802366452198143,140.14642105511155
1,2024-04-24 22:56:00,37.678869373677074,-122.41443272835352,10.785688577763683,106.96381762434301
1,2024-04-25 06:42:00,37.70664046402969,-122.4023949597801,9.955067480439721,337.25870615691287
4,2024-04-25 08:00:00,37.72325720972103,-122.42850596214093,0.4677470259192701,94.41505594793703
1,2024-04-25 00:23:00,37.70950779307003,-122.44485741865158,7.445493708018545,214.86342561008013
5,2024-04-24 09:44:00,37.6834243890817,-122.37290877962542,1.5989737970065772,27.049601424891154
2,2024-04-24 15:22:00,37.72281887562036,-122.40045086837938,10.32603594641604,156.53784189734864
5,2024-04-24 10:52:00,37.67464020332391,-122.36808976823258,11.991238184534689,250.09072950759364
1,2024-04-25 07:50:00,37.677214513723,-122.3909769333131,5.414608454100402,32.969546397588296
5,2024-04-25 02:58:00,37.74173135754623,-122.43631813690811,14.253560307312036,160.56207826486406
2,2024-04-25 02:54:00,37.668513292883866,-122.39580990526217,13.094187538146125,263.600959107442
4,2024-04-24 11:18:00,37.73065611478615,-122.38412166332894,10.384148467767787,305.7104345635149
3,2024-04-24 10:33:00,37.67496680088592,-122.4010575036357,3.3181416272940334,355.5604828787929
3,2024-04-24 21:23:00,37.744405933968665,-122.44605731886315,10.583627587735327,333.0893942696397
2,2024-04-25 00:37:00,37.668057534512734,-122.39320547694474,13.732324463820628,12.220552290887582
2,2024-04-24 17:38:00,37.71974202672469,-122.42026509926275,13.865942930647956,349.58096825953237
4,2024-04-24 21:56:00,37.74442664891134,-122.40257857833426,12.930639764839702,304.03778347262534
4,2024-04-25 00:56:00,37.68191004732433,-122.36710845258494,0.5551145207323893,214.65715625353909
3,2024-04-24 14:15:00,37.673000883728776,-122.43794331142227,1.1542980244381373,250.6639593161303
1,2024-04-25 06:13:00,37.68398749637681,-122.37752332284713,0.9803451119841355,113.50452161901973
2,2024-04-24 20:42:00,37.703949129237536,-122.37092768351611,4.7812875439810485,225.32089551732327
3,2024-04-24 16:35:00,37.738597774823624,-122.38841368118177,3.4943921213045064,8.784281360353688
5,2024-04-24 19:26:00,37.737009887390094,-122.44787305891496,13.12052509026299,190.4173682497963
4,2024-04-24 14:22:00,37.74390676985129,-122.37012167642264,14.969011658000062,126.25625356261565
4,2024-04-25 05:31:00,37.72671882889311,-122.40980690863908,7.198134304558633,225.90196675861324
2,2024-04-24 14:25:00,37.737367711418635,-122.35159165308008,11.524101207967773,150.39604158024017
5,2024-04-25 00:41:00,37.69213570022771,-122.37624176984112,3.5816571865245352,39.77068072730208
2,2024-04-25 04:27:00,37.68546221576408,-122.4212761008346,4.4446218068398515,84.09879037796757
2,2024-04-25 00:08:00,37.65420931896364,-122.44821260652667,14.815835846040473,153.99832814491043
3,2024-04-24 18:22:00,37.68843266471597,-122.3820352717307,3.2738083179759627,341.98602622208114
3,2024-04-24 08:24:00,37.728634501441555,-122.44105889976878,6.263711636773925,316.4825907223793
1,2024-04-24 10:39:00,37.744473202229145,-122.40325984887502,9.201170838160616,60.13222059314708
5,2024-04-25 06:30:00,37.749116862613704,-122.42683282986167,14.140976612026884,233.87279363725264
5,2024-04-25 00:22:00,37.710773679487886,-122.39873114889835,3.4600471757663804,63.55009152198298
5,2024-04-24 18:34:00,37.67204862090702,-122.43135617378557,11.6937671035013,126.04509330002284
3,2024-04-24 16:26:00,37.655784267656344,-122.35308973698592,13.256788274451385,333.99082195027665
3,2024-04-24 10:27:00,37.749490782264644,-122.43261047507805,5.943630283539881,272.96585125347286
1,2024-04-25 04:03:00,37.71960206180538,-122.43461040936602,12.237496874859266,80.79860586119784
3,2024-04-24 08:57:00,37.672381761482264,-122.39630255771067,8.894099022625547,208.83103482161204
4,2024-04-25 05:04:00,37.65914868373978,-122.36225391373696,3.984000638830591,46.6253716618095
1,2024-04-24 11:59:00,37.7388748079869,-122.35443485017703,12.93191425898176,291.4257869009561
1,2024-04-24 10:33:00,37.7155241980639,-122.3949142629391,1.304801398671152,147.04315670545154
1,2024-04-25 03:24:00,37.68726885170123,-122.42402462162397,10.851301705328774,178.5152646283575
1,2024-04-25 07:26:00,37.658104621590766,-122.42798167980503,10.248881454893938,27.407109416508067
3,2024-04-24 13:19:00,37.73512069140488,-122.40048534729861,7.2087986598997205,213.26680247742632
4,2024-04-24 11:07:00,37.73246809659252,-122.41521907920979,10.170242288385953,203.6635070384848
4,2024-04-24 15:40:00,37.676702827016946,-122.36213700136449,11.961390324103922,237.04266047703317
3,2024-04-24 08:55:00,37.735058172909426,-122.36327057990403,10.625444650725521,301.3247982109219
2,2024-04-24 20:46:00,37.71974714616693,-122.38198592282397,9.279170673227764,270.97799024075084
2,2024-04-24 22:27:00,37.66586051052931,-122.36191292408012,13.07765291617848,10.529021892441293
3,2024-04-25 02:56:00,37.73258167505648,-122.43711301325266,5.026782813887128,267.6629722649788
5,2024-04-24 19:55:00,37.666075989604835,-122.3682032975881,12.482012669366128,182.68838415390104
4,2024-04-24 16:41:00,37.650638587171684,-122.42129618668251,9.253903775636132,353.22702408987243
1,2024-04-25 07:51:00,37.71318135270167,-122.4240196418936,9.510085546494171,194.39473669770797
4,2024-04-24 20:58:00,37.72798453951512,-122.4393019361173,11.415418537530421,194.8559683233997
3,2024-04-25 06:15:00,37.746299200385906,-122.41581278339613,9.489328397009222,335.53011798360626
2,2024-04-24 08:07:00,37.66025097279907,-122.35627715127636,10.318285834512201,24.421341277861885
3,2024-04-24 16:05:00,37.68009635669468,-122.37918279113548,1.0102590220315755,209.58136566345837
3,2024-04-24 15:00:00,37.6845883056953,-122.38790844822326,0.6861305071876928,313.7532502148555
4,2024-04-25 02:30:00,37.74734889691774,-122.35311221447144,11.24477747614387,46.83104644702751
1,2024-04-24 14:41:00,37.725826319592905,-122.44754130835412,0.3318532729349588,116.49967889383485
5,2024-04-24 18:33:00,37.69886431904047,-122.37295925821923,10.249430649097578,160.5249742956294
1,2024-04-25 01:55:00,37.67736266662817,-122.35028754998423,6.392719533539594,162.49932875868316
1,2024-04-25 03:45:00,37.66636238211917,-122.37051904512501,10.40523338672233,79.47706060395375
3,2024-04-24 22:14:00,37.65823810456159,-122.38195006979254,9.81766821421703,98.37342971935536
5,2024-04-24 16:54:00,37.745086356225045,-122.43489421082191,6.485022015639029,339.7017312603356
3,2024-04-25 05:13:00,37.691972731692616,-122.3861474052336,5.963915969441914,98.71747284552121
2,2024-04-24 21:27:00,37.74839776479599,-122.4090665993685,13.411488055187016,82.78365812079103
4,2024-04-24 15:44:00,37.67131047040251,-122.44688659171156,9.775002380638275,132.669483740554
5,2024-04-24 23:00:00,37.736435824983964,-122.40267900933085,14.522901418720826,66.78918565312361
3,2024-04-24 17:26:00,37.736862316795566,-122.37234031472083,11.56382766966078,304.12196212207954
4,2024-04-25 01:00:00,37.7261023990943,-122.38737796783687,1.9686731652358136,11.70942461685069
1,2024-04-25 07:35:00,37.742084784781575,-122.38833496854794,11.948059364642646,173.348046544518
3,2024-04-24 16:30:00,37.661730818896245,-122.43748142077975,10.28347930843457,154.91012216380656
3,2024-04-25 05:53:00,37.67005247267004,-122.40084054532586,0.9631340561270113,209.50970468918356
5,2024-04-24 19:19:00,37.67689934044351,-122.37024408993629,4.6554293838536065,163.87925366944842
2,2024-04-24 13:39:00,37.65116205399081,-122.44275531122055,5.887403346100272,172.77798049816445
4,2024-04-24 21:42:00,37.71000205481193,-122.42083374212908,10.424728291898138,309.64406298811366
3,2024-04-24 17:41:00,37.727985098889334,-122.44603811746516,7.207604208867434,37.77486423054295
1,2024-04-25 07:38:00,37.67420450158625,-122.3513337406733,2.1374331435226983,179.59973524248818
5,2024-04-24 09:04:00,37.711815573431814,-122.37975350294559,8.394730252303711,3.5175050709061173
3,2024-04-24 20:49:00,37.6826461308244,-122.39822883566154,1.3179974871725002,126.22569523530507
1,2024-04-25 04:22:00,37.65332031087914,-122.44214215028451,5.953849143023941,47.777671455501725
3,2024-04-25 01:49:00,37.70675408482616,-122.38105350308628,12.008800486636243,72.05408792813164
5,2024-04-24 23:39:00,37.66674825822591,-122.43954321596657,9.54645374315455,254.33126153528443
5,2024-04-25 06:18:00,37.653158614482564,-122.35637877537563,0.7795692547720862,194.86668070838536
5,2024-04-25 06:27:00,37.72090605194509,-122.3629030876254,10.711303981986417,288.62210990512506
1,2024-04-25 00:57:00,37.68394501925428,-122.36851748862536,1.201722695770127,322.13399618178994
3,2024-04-25 05:25:00,37.70475923761538,-122.36827022300376,6.784774267774502,231.687970270749
5,2024-04-24 09:55:00,37.70264026609362,-122.37684104782447,1.2244497304588435,21.726750236602967
2,2024-04-25 05:12:00,37.674710323401015,-122.43404553198869,13.076753498883026,78.91703544889596
5,2024-04-25 04:27:00,37.747586525581916,-122.4163104208229,2.731768735330489,284.29146257129247
2,2024-04-24 19:42:00,37.71587077755009,-122.40018042835469,8.330453264064468,258.91264017801495
3,2024-04-24 16:51:00,37.67284547413313,-122.35036660839432,14.621897432201747,234.1172470848973
5,2024-04-25 00:05:00,37.66995424509292,-122.38197717575687,1.0829761346876376,11.034900794090184
2,2024-04-24 08:47:00,37.675768288851124,-122.40373770432608,13.024087581125707,261.7808651158709
3,2024-04-24 15:09:00,37.72427065212,-122.40745066655519,5.189024888204444,133.57395467445699
4,2024-04-25 07:08:00,37.748764956373606,-122.44598908085875,13.005472441836728,208.32314708606162
4,2024-04-25 03:22:00,37.69386154191896,-122.3774742339585,7.300034121370543,314.4323657093978
3,2024-04-24 09:23:00,37.74007018640113,-122.40782790731267,4.152416958525774,213.2461182936104
1,2024-04-25 03:05:00,37.74123633456167,-122.42893378109945,9.344498753452243,227.3616792333074
1,2024-04-25 02:06:00,37.723311302241534,-122.43684323148727,10.737374470231329,327.25170743963076
2,2024-04-24 16:46:00,37.66796831088703,-122.42624566750762,14.570926410624594,65.15170297541631
3,2024-04-24 21:00:00,37.73543850933696,-122.4007722143552,3.7084661160476555,313.46996445810413
2,2024-04-24 19:07:00,37.69453052550027,-122.39851826460703,5.3885005409964855,213.46230651657388
2,2024-04-24 18:48:00,37.666352387258506,-122.41089184633483,14.541184835029313,92.92803577240592
3,2024-04-24 15:36:00,37.71567366645413,-122.41748099357754,11.60209688529901,47.114517858605936
3,2024-04-25 06:46:00,37.74698210450786,-122.40462104586165,3.5407569501969594,26.458829038804556
4,2024-04-24 21:12:00,37.66697579050876,-122.3980226051444,5.055047646469294,298.3980117177394
3,2024-04-24 17:21:00,37.69308875236619,-122.42512857274124,9.25717479906045,254.4397980787605
3,2024-04-25 06:25:00,37.6667041907901,-122.43323807837118,0.5500714040031446,265.1047254236306
4,2024-04-24 10:14:00,37.71638045276218,-122.40253691242502,12.662556734537956,290.04125506201916
3,2024-04-24 18:13:00,37.708535436439675,-122.36317287194868,3.0876181505515237,40.29106298318204
5,2024-04-25 07:14:00,37.6769749611517,-122.44429131439108,7.967542920015481,337.17804922618615
4,2024-04-24 11:00:00,37.653934354066855,-122.437789008599,6.782985424251529,336.19500631004576
1,2024-04-25 05:59:00,37.68161561049768,-122.39927651913116,0.6235928857558815,53.40355234635199
1,2024-04-25 07:13:00,37.748663012295886,-122.3534881303564,0.07409971401614424,342.652242752366
4,2024-04-24 09:19:00,37.71391199378155,-122.363208170548,6.821097834507887,185.61457028853008
3,2024-04-24 13:03:00,37.6988846580257,-122.38331357424539,2.0947688213446938,10.790492354164062
3,2024-04-25 04:48:00,37.68079299415912,-122.37953192372635,3.0278017818442255,242.43567599697025
1,2024-04-25 04:58:00,37.74699120461073,-122.44060992842107,10.089031773376893,159.75007894964563
4,2024-04-24 20:31:00,37.736814225437755,-122.43228502105526,10.389389283392468,301.7215042733197
4,2024-04-24 18:20:00,37.744461421947406,-122.38167519717103,7.4576214601264095,222.425006472437
1,2024-04-25 01:36:00,37.73689049844788,-122.39293902533612,0.4558058954525529,335.14153038251203
2,2024-04-24 09:10:00,37.71895267510316,-122.38234866142228,3.2351272859657576,237.1987692837566
5,2024-04-24 22:46:00,37.68938644056542,-122.38487670229586,1.5988954546198608,236.82430965709298
1,2024-04-24 22:45:00,37.74994137257707,-122.44517879611395,14.65761276331976,146.48686586023342
2,2024-04-25 06:55:00,37.73707534503373,-122.37176145159418,8.505243914800017,265.84171533047754
1,2024-04-25 03:20:00,37.73785155613014,-122.4095859678349,4.905497423448581,240.3336188028905
4,2024-04-24 17:41:00,37.73078459419413,-122.37377148652234,11.967204732879518,156.8099933326559
1,2024-04-24 09:26:00,37.73178342161751,-122.43797909446295,8.167336469412744,2.0731177793237654
3,2024-04-24 23:54:00,37.68245858299003,-122.41335384651286,5.942590374138831,250.36819440835038
4,2024-04-25 00:14:00,37.68885581012704,-122.40513063773776,3.563161963114912,134.37064498656244
5,2024-04-24 11:41:00,37.672726962726315,-122.44268040762316,9.051728900720668,240.55660747980585
5,2024-04-25 04:59:00,37.71194903460096,-122.40365059561995,5.696786702688447,310.8001138458571
3,2024-04-25 06:36:00,37.70190817851363,-122.40208181223703,0.3846309870965353,122.84921794541629
2,2024-04-25 07:07:00,37.68801956187859,-122.41011772191031,8.702585538409984,192.09691682167625
4,2024-04-24 20:43:00,37.71079050927935,-122.3735116738458,12.194786080741402,258.524307441538
4,2024-04-25 03:12:00,37.745552369595494,-122.44817674173237,2.9366697852531916,2.7226349921311632
4,2024-04-24 08:57:00,37.714747471415464,-122.360196945105,3.652234448644489,333.7324361266704
2,2024-04-24 15:04:00,37.65602673902896,-122.35655639731945,5.274340308594516,36.511498241717945
5,2024-04-25 06:04:00,37.69858717591863,-122.42432234322796,4.273093529428842,110.62438737346316
1,2024-04-25 01:14:00,37.73030258978327,-122.39608387233248,4.669615487340055,219.7201619919306
1,2024-04-24 23:27:00,37.72161506742232,-122.42273759992665,6.203236522880273,43.87899360130112
5,2024-04-24 15:04:00,37.66811493495347,-122.3818882146035,2.721575215434404,189.05881812014167
3,2024-04-24 10:31:00,37.72090462617225,-122.43931230769053,8.509683294433554,92.36260213249095
3,2024-04-24 08:17:00,37.74629268752376,-122.401645435328,12.089888246627371,198.08155517625423
2,2024-04-25 04:50:00,37.65434125328549,-122.3866848624406,14.271050133099855,216.58025525267922
2,2024-04-25 00:32:00,37.73191888594268,-122.36157935366516,3.421196579233987,76.3361423669616
1,2024-04-25 04:49:00,37.7110980988851,-122.40889715301934,12.597919543000804,324.008324423284
4,2024-04-24 17:32:00,37.68534213793028,-122.42631294410256,11.707882728657927,98.93017279732899
5,2024-04-24 15:30:00,37.73226143185137,-122.40762617463513,10.013248489372057,34.392712980480546
2,2024-04-24 08:31:00,37.71238593246766,-122.40482323212628,8.79912694763211,60.48511478815083
3,2024-04-25 01:10:00,37.72368737449442,-122.36372029224569,3.251097001361635,34.45723998725822
5,2024-04-24 16:24:00,37.65236385860464,-122.38580284995568,9.106410541331712,196.8110685770652
3,2024-04-24 19:13:00,37.6731947096116,-122.41090940040945,8.917145027792596,178.83606918930099
3,2024-04-24 13:07:00,37.74877855202149,-122.43635602474433,10.427168310713906,145.55475651754517
3,2024-04-24 10:51:00,37.69281996149257,-122.37824022343419,10.386542269865545,356.8521577327878
5,2024-04-24 18:06:00,37.66283942894542,-122.43958903506159,10.865082256931117,208.21929012230729
5,2024-04-24 16:43:00,37.67741606665599,-122.4420580631011,1.284873743946458,321.9087148790826
2,2024-04-24 08:46:00,37.66918673247188,-122.41766284378845,3.3998460334048204,127.79867009949743
5,2024-04-24 14:09:00,37.656942384274615,-122.39809402090918,1.0141884538832235,288.1283428160502
2,2024-04-25 00:20:00,37.67337120819105,-122.39599880853956,13.201186313421873,234.3158528569899
3,2024-04-24 19:27:00,37.70329577865514,-122.41756662468846,4.995028695872969,241.01530387134844
4,2024-04-24 16:59:00,37.74941393612212,-122.38381608101507,8.366751260550373,263.0341836861286
5,2024-04-24 10:57:00,37.696520561228375,-122.44398576573992,8.434452238168648,344.74510242193685
5,2024-04-25 04:27:00,37.66753029423577,-122.38099951091795,3.014005329885847,192.89796641030927
5,2024-04-24 13:57:00,37.65966764496468,-122.40496290637418,11.342449933428691,125.12574872603355
1,2024-04-24 10:03:00,37.71649117244873,-122.37045500392104,13.907667292191789,84.47114946796327
2,2024-04-25 05:43:00,37.68993159158094,-122.43475839866696,14.887252532375628,333.7203484527463
4,2024-04-25 01:33:00,37.70399571302806,-122.36579667056236,7.814369659080633,224.49084768099348
5,2024-04-24 12:24:00,37.658912443211605,-122.37447295795033,1.9157022545285223,297.3843468909102
3,2024-04-24 14:12:00,37.728202808767044,-122.3791255302257,0.5424057078714317,109.1262081403183
4,2024-04-25 02:19:00,37.676311256991085,-122.41398635925286,1.3146412014575781,337.3048162911826
1,2024-04-24 14:42:00,37.70538022407124,-122.4194475689342,5.9547227561142515,160.99291458174085
3,2024-04-24 19:32:00,37.71005943333606,-122.39843205723035,13.79087959821626,178.9068538460989
5,2024-04-24 18:11:00,37.749215801482336,-122.3648575042255,3.127657715360037,335.0142772718099
5,2024-04-24 16:47:00,37.66163663978855,-122.36825502915089,5.7093494021487015,316.070755360225
4,2024-04-25 05:18:00,37.73680566901075,-122.36940745998824,11.85045654460592,109.68449007529469
2,2024-04-24 17:08:00,37.658091928305126,-122.4097019821235,2.60286772479763,250.18239200488622
3,2024-04-24 12:04:00,37.68460997265378,-122.35243897991401,9.61458116017998,296.09300290836995
5,2024-04-25 05:04:00,37.66325246727419,-122.36379855177275,13.841357857700915,175.34229077481692
1,2024-04-24 14:15:00,37.7106252937751,-122.37351901990971,2.622579408906188,180.92378752683928
3,2024-04-24 20:17:00,37.68986630277723,-122.43536260078378,5.5130163343729714,24.542031378777686
2,2024-04-24 11:12:00,37.65258119069495,-122.43648337108452,14.446726673837608,197.83063292220612
5,2024-04-25 07:02:00,37.74658221611533,-122.406750212167,4.677241996278894,182.21107062248788
1,2024-04-25 03:28:00,37.69395116886329,-122.43943353157383,9.612394720353093,77.77374570345586
3,2024-04-24 17:58:00,37.711958795489785,-122.38497989076019,2.2803727969297216,22.085865759840537
2,2024-04-24 21:08:00,37.72807615860685,-122.40401995762308,0.8724569325821369,358.15187418111617
2,2024-04-24 10:48:00,37.65577805609964,-122.38049647711415,14.755183878951204,86.10483751773322
5,2024-04-24 13:18:00,37.66422493686872,-122.43786150605776,4.549127213513933,36.376491963832805
4,2024-04-24 13:14:00,37.719216134169415,-122.443770820187,7.641331922246845,358.81086738707165
1,2024-04-25 00:03:00,37.7313970269506,-122.38847805617691,4.593804311799175,224.60250106498984
2,2024-04-24 08:04:00,37.70270414639117,-122.40739166161097,1.960655651102992,319.17751748656804
1,2024-04-25 06:28:00,37.69497846488213,-122.43053774881793,5.516390263159344,149.08671091041373
5,2024-04-25 06:24:00,37.73275378955669,-122.37663856194386,11.539573404620096,3.971255194312997
4,2024-04-24 18:09:00,37.69161539981798,-122.40186558483647,0.2878841523458503,93.53275514821232
2,2024-04-25 07:46:00,37.726028982312215,-122.4362890294271,8.029651971788875,77.4726739262055
4,2024-04-24 21:14:00,37.65121207746439,-122.42587985424005,14.638106323650806,288.55336027787627
1,2024-04-24 18:12:00,37.745957664432105,-122.40121459560737,1.6460429801625525,197.26541603052945
5,2024-04-24 19:31:00,37.695437733456,-122.36556429172605,1.471238711763669,175.76680932784015
2,2024-04-25 07:48:00,37.6650048664694,-122.417532407311,11.060356160816994,171.36652657275596
5,2024-04-24 08:06:00,37.68758882851458,-122.410552372143,6.8917015260898,282.60595578134047
5,2024-04-25 00:46:00,37.73920846889403,-122.35446653134962,11.803550793829427,113.54648246928458
1,2024-04-24 10:23:00,37.71881347060866,-122.40623968759446,3.8200593306907678,302.71376859333213
1,2024-04-25 05:59:00,37.653842634896236,-122.35982380078646,6.922161969371013,229.39253165098094
4,2024-04-24 08:12:00,37.71593539222058,-122.36048822592936,9.55004523250811,221.01609051362223
3,2024-04-24 09:08:00,37.65666520405607,-122.39815919780548,2.252535012255625,265.4761567397348
4,2024-04-24 09:16:00,37.70122219208127,-122.38197722207917,0.625093509035764,30.52512577648916
4,2024-04-25 05:42:00,37.72163233880627,-122.44279156640013,1.0688509164788789,4.359051084559482
4,2024-04-25 06:18:00,37.74565013982995,-122.3762491640541,5.298771127530962,106.75280926355587
2,2024-04-24 11:32:00,37.684970322974586,-122.37253464688189,9.920559166056217,66.67040443228845
1,2024-04-24 14:06:00,37.66741093353341,-122.44016043502866,9.904540795520072,275.17415839982493
2,2024-04-25 04:14:00,37.676504642832505,-122.44790550389692,1.2325750121464103,348.42961254421095
5,2024-04-25 02:35:00,37.67954447774775,-122.37307768521619,9.369953532813957,137.49827027504253
5,2024-04-25 03:18:00,37.67056872621956,-122.43786135818407,9.225194520582999,278.8681610296037
4,2024-04-25 02:47:00,37.71439042535412,-122.39696978667509,0.629268351474544,348.6559599339782
2,2024-04-24 17:27:00,37.72987141916546,-122.42071779632991,14.69955494038276,216.67737226907596
2,2024-04-24 19:27:00,37.70824226582073,-122.37519268205705,12.176546821352064,236.33229863934096
3,2024-04-24 16:25:00,37.662809574636626,-122.41617324940056,13.921254604890747,80.86162026378669
1,2024-04-24 21:33:00,37.68721670238376,-122.40679231170559,6.591074845416783,220.65824969802918
5,2024-04-24 17:14:00,37.74430758377447,-122.42593072881675,1.822520644513771,71.08937634957744
5,2024-04-25 00:59:00,37.73869249002093,-122.38541891873449,4.288601838587402,293.7408980287022
2,2024-04-24 18:46:00,37.736136999636344,-122.36534856613098,13.783898004593317,90.80676726241018
1,2024-04-25 01:47:00,37.72550419287463,-122.4039460502726,12.629978293350923,262.2566437781808
4,2024-04-25 04:02:00,37.72764474464998,-122.3843838162319,2.661431542045603,196.2096908028978
1,2024-04-25 04:09:00,37.74846697395245,-122.35626119335029,0.647606036955175,59.33333366259737
3,2024-04-24 17:29:00,37.66317287734546,-122.37740200900147,12.266779947854175,76.8640918718419
4,2024-04-25 03:24:00,37.70058526929519,-122.36592969719888,10.99202317149376,195.20539397706537
2,2024-04-24 18:13:00,37.70903476904588,-122.39916394530837,4.463226769782309,203.4079174292458
5,2024-04-24 08:28:00,37.718888530205014,-122.36266770841392,9.544370309688722,274.0037533355369
5,2024-04-24 18:00:00,37.66600716349546,-122.40384425255803,0.13997429740639944,88.8043912277843
4,2024-04-24 19:09:00,37.7226461715113,-122.35081900486507,1.4876714938082385,144.53795371006376
4,2024-04-24 19:38:00,37.73000709686992,-122.42959643653711,8.326274239534294,263.9056665706829
5,2024-04-24 23:41:00,37.71159854502602,-122.43119752653847,5.330768530286091,282.16504241474297
2,2024-04-24 12:11:00,37.7054226514132,-122.44947703864571,11.414861400421408,12.712087778486065
2,2024-04-24 21:38:00,37.72457337827313,-122.42975194398348,14.371102201790704,132.45867046875043
3,2024-04-25 03:42:00,37.68269316163381,-122.43511119496677,4.584063232353223,315.5942742581522
1,2024-04-24 18:57:00,37.749633433762725,-122.41316904694932,6.729159464318139,259.94553775298533
5,2024-04-25 01:29:00,37.73861957804651,-122.39069556658133,5.87288547266744,148.54386270550455
5,2024-04-24 15:44:00,37.71956181464969,-122.44967817363958,9.29384006189761,127.97748375888867
3,2024-04-24 17:00:00,37.72941973312771,-122.44070093601769,8.823034004225857,173.15024035900456
3,2024-04-25 06:02:00,37.71423255259052,-122.44351464055171,8.699756811421969,202.13445166542854
3,2024-04-24 17:57:00,37.70606600944162,-122.38965123334036,10.147019058395433,289.7960398850771
4,2024-04-24 16:07:00,37.67698207201283,-122.367495058982,7.473835233951805,27.74098048835922
4,2024-04-24 22:02:00,37.6558550929244,-122.4165761681304,11.773454656672014,254.76513650672968
2,2024-04-24 09:35:00,37.728861496467246,-122.39827309435584,6.602984969332359,53.08290961426222
1,2024-04-24 19:38:00,37.682819275360934,-122.40659806338262,1.3290064451942585,79.42030297603606
5,2024-04-24 23:08:00,37.709822529406374,-122.37643368857609,14.975212670894244,335.92079928368076
1,2024-04-25 05:31:00,37.71425651995352,-122.4078751946706,9.54266047062349,282.8345825088835
5,2024-04-24 15:35:00,37.66183361909234,-122.40900951103038,12.597034284534258,138.17986269589585
1,2024-04-25 05:41:00,37.70718722712272,-122.39122306391378,2.7671437970045902,130.40475899482382
4,2024-04-24 18:39:00,37.6834511288742,-122.4473803291468,0.36287645837032867,299.41093572327844
1,2024-04-24 19:49:00,37.67730708099728,-122.39819212337612,4.480883603831596,338.6445282415226
4,2024-04-25 02:25:00,37.67592967588658,-122.40703431872612,13.090953757269027,303.0960840450511
4,2024-04-25 02:53:00,37.66861014178463,-122.36973566902043,6.87280330106839,173.86879395072788
4,2024-04-25 06:02:00,37.663347997241594,-122.44193984862429,10.919089604606478,178.72601484790792
4,2024-04-25 06:59:00,37.69368507026152,-122.37704917713477,11.482693484866646,57.20694036096728
1,2024-04-24 09:48:00,37.711022514947764,-122.43646459177224,11.270626290435684,236.50385625617022
2,2024-04-25 05:46:00,37.74566146210835,-122.44310419836437,0.8558208172688148,101.58734688955205
1,2024-04-24 12:59:00,37.67617056837359,-122.42530212009281,13.59381870781555,89.83663194582219
3,2024-04-25 00:46:00,37.67719497261287,-122.37406017375821,6.7460976367581,279.6158005038652
3,2024-04-24 13:21:00,37.656536615756444,-122.40124288063267,0.5042040027492395,22.555153243927627
4,2024-04-24 17:09:00,37.740643745334445,-122.43607546288824,7.986310234128257,147.99441693625437
5,2024-04-25 07:30:00,37.68473433262589,-122.36001666543127,0.3273509516323425,238.96428702321208
5,2024-04-24 15:44:00,37.746339443421355,-122.39398318165382,14.052336930496377,18.812836542968554
1,2024-04-25 06:09:00,37.691879331907415,-122.4239842209038,10.962314474710947,353.26695257900883
3,2024-04-24 19:36:00,37.675653006244424,-122.3845825398526,2.9714644913961017,203.51889164577958
2,2024-04-24 22:28:00,37.696393248668834,-122.35279946703685,9.127909090446998,125.82229395125476
5,2024-04-24 20:28:00,37.661409578488794,-122.43487531712651,3.3797539492685265,90.34799808250727
4,2024-04-24 09:59:00,37.73506160578412,-122.39387772117175,7.850863670615497,41.31679387291829
2,2024-04-25 04:52:00,37.73601396933495,-122.37771856967916,1.0150254285000238,254.82063500271673
5,2024-04-24 20:03:00,37.704353821734266,-122.44182746542533,6.874509622929847,174.4906633668169
1,2024-04-24 19:17:00,37.66657745401633,-122.35543018529998,12.749630572209929,240.848041438479
2,2024-04-24 18:08:00,37.696229556100064,-122.40882344584155,9.764602007264312,196.35547298648598
2,2024-04-24 09:02:00,37.65622731058819,-122.39874973512298,12.096054258492593,165.3263559349049
4,2024-04-25 04:20:00,37.65519565775543,-122.3713721800616,3.020456732039616,93.10350055969396
5,2024-04-25 04:13:00,37.66647063534323,-122.41697849351286,11.351272585329525,186.97890942141746
2,2024-04-24 11:54:00,37.67048812741508,-122.3622169921848,13.193727824272937,313.40823301656246
2,2024-04-24 21:11:00,37.673879621138155,-122.4048760655819,14.774844842113126,277.9244914715965
1,2024-04-24 18:36:00,37.65271674212256,-122.44347954087395,6.958970652184991,327.31927411016164
5,2024-04-24 23:34:00,37.703870179795274,-122.40021874919658,1.5821054993494588,236.44083770074585
5,2024-04-24 20:30:00,37.732210316060026,-122.41195799924925,11.634177763879912,347.21159540429215
2,2024-04-25 05:38:00,37.670376645912775,-122.39766703688053,4.307069371268633,285.42759085218216
2,2024-04-24 21:11:00,37.70775933658812,-122.38654175824497,11.96871239423841,142.54937015848375
5,2024-04-25 06:35:00,37.74150900684071,-122.3966971132754,2.36932234253022,250.52368254076887
1,2024-04-25 05:22:00,37.72932613504383,-122.41832383229325,12.857688854981294,326.2115717156759
5,2024-04-24 19:43:00,37.677690448737785,-122.35164785272849,2.110672920731376,72.72564062489639
5,2024-04-25 07:57:00,37.668422483923806,-122.36060102899921,9.814388284874427,54.75754196001824
1,2024-04-24 08:24:00,37.69403234183684,-122.38847019749302,1.2519612748407494,317.66989262664197
4,2024-04-24 18:46:00,37.73036035354416,-122.39947932264234,14.506899228887557,150.3939525390359
2,2024-04-24 14:48:00,37.74841103190365,-122.38320800011964,9.520069098809122,59.7437623064826
5,2024-04-24 12:55:00,37.73819277583047,-122.40725103120795,2.4335010867371905,4.538707191273255
4,2024-04-25 06:13:00,37.70597556836384,-122.39726003778773,10.790304335537378,320.4928990864088
4,2024-04-24 15:41:00,37.657940658464305,-122.37685035096597,2.811179161463733,308.94373913657904
5,2024-04-24 15:45:00,37.731906351386165,-122.39592062450146,10.653641979349672,113.16604074614942
2,2024-04-25 00:23:00,37.697116789893286,-122.36783631022895,6.888977957598208,128.80737551715904
4,2024-04-24 19:57:00,37.69942124472503,-122.36717507475629,5.0281207105630905,62.554173528867764
4,2024-04-24 10:05:00,37.72120140203308,-122.3674021787292,1.509562177853,86.3546805921401
4,2024-04-24 10:52:00,37.664197198976105,-122.41520585884179,6.755264683581189,269.57748130679033
5,2024-04-24 16:48:00,37.71511475848817,-122.38790714325216,5.2856241991448165,302.9211191105136
5,2024-04-24 09:27:00,37.69712871673982,-122.3520895061985,9.512132074436053,45.455306963220984
4,2024-04-24 12:38:00,37.717617756207545,-122.41748959845684,10.294907950291462,25.070813338466067
3,2024-04-24 20:04:00,37.6674881437176,-122.36442627410943,3.4076933553527233,301.3348050874584
4,2024-04-24 13:25:00,37.677927608845444,-122.38571180899413,10.412258602647466,184.55571113221905
3,2024-04-25 07:36:00,37.680531067669676,-122.4287355623629,0.4978403184363933,109.42070444666057
3,2024-04-25 02:42:00,37.715316279053134,-122.35616951815516,13.068067233945781,275.7833195527089
5,2024-04-25 01:22:00,37.728844734325335,-122.3835015096524,3.904302863490045,326.59021105409875
2,2024-04-24 08:53:00,37.71707323119059,-122.39395593690196,1.6648420382022162,160.93999577031315
4,2024-04-24 17:07:00,37.6960358271202,-122.36354363904773,8.199723302816826,136.94419762934749
3,2024-04-25 01:47:00,37.74768003285107,-122.43892794066737,6.338226424679169,15.128883061705904
3,2024-04-25 05:08:00,37.723990412076695,-122.3581923447801,4.200559943257342,309.0030036476835
2,2024-04-24 15:09:00,37.67922182304619,-122.35892298383561,11.30942855395176,289.7664396629179
2,2024-04-24 22:59:00,37.651800655560045,-122.3537189642926,10.900064881054849,109.71039433900799
2,2024-04-25 06:04:00,37.73293946648589,-122.42184788015851,13.09130759349192,40.52894054829733
1,2024-04-25 01:08:00,37.72036859774608,-122.39593015233551,1.448017052931612,87.08177817318203
1,2024-04-24 15:42:00,37.65124040362773,-122.40312320345356,4.518978911400006,215.40869434719318
2,2024-04-24 17:31:00,37.679723780770864,-122.4200080888493,11.14789798097405,17.331420952207242
5,2024-04-25 04:46:00,37.7402894995192,-122.36477361256088,10.017070248396097,213.55976523865834
4,2024-04-24 14:36:00,37.73923024981397,-122.43146698204714,1.1845374328624292,86.22366116743372
4,2024-04-24 12:10:00,37.72945782787002,-122.44653297332735,8.742102526252344,358.3575058288716
5,2024-04-24 12:46:00,37.73556960938376,-122.39785543109565,0.9546136392996352,299.29446517885555
5,2024-04-24 23:27:00,37.709897850817725,-122.43850670029406,1.407859272350343,327.46565499717326
1,2024-04-25 02:31:00,37.71692002629381,-122.36707132006833,13.18468350423401,205.83804673739598
1,2024-04-24 19:35:00,37.70174463517551,-122.4069572589679,4.754198816866789,156.45454590913624
5,2024-04-24 17:09:00,37.727387965573016,-122.3898076568985,13.38784934932269,159.61680517650757
4,2024-04-25 03:05:00,37.71070895787188,-122.3868692446908,8.875457434594884,252.94815831078589
3,2024-04-25 03:43:00,37.67374334683748,-122.39876362224543,1.563372042125215,138.4240779521325
1,2024-04-25 03:54:00,37.69876670686213,-122.38477757404546,14.257965788793053,216.2343839574081
1,2024-04-24 22:29:00,37.72435939161766,-122.39937339405049,9.51156047064497,25.535597808158435
1,2024-04-24 08:03:00,37.67543915808419,-122.41381469067949,7.087400325097704,16.433548380858145
1,2024-04-24 11:12:00,37.664002409755334,-122.42231856922088,14.57299036351576,119.28492255709827
2,2024-04-25 05:54:00,37.698204105811215,-122.43039022872617,9.161701066136525,101.04595758575076
5,2024-04-24 22:44:00,37.67069925784384,-122.3983427371554,0.08258698740631232,2.759051753721118
1,2024-04-25 04:35:00,37.671906880910186,-122.44632786374993,1.6203863119603708,121.98983376195058
1,2024-04-24 14:55:00,37.73025856795798,-122.39279513566308,7.690015889346246,105.6559763549238
4,2024-04-25 04:01:00,37.74317537194329,-122.41029849587629,1.3063915019365724,222.14394580240847
5,2024-04-24 22:12:00,37.661383839347664,-122.41547768571984,7.611179080767133,314.7201088866633
3,2024-04-24 16:50:00,37.69935465803402,-122.37977412339684,14.892252584986055,47.336083163273386
1,2024-04-24 12:08:00,37.677473152551954,-122.41054239244023,6.3274226780824705,147.96758709559649
4,2024-04-24 12:30:00,37.74076110025566,-122.37859673555332,9.118578211360557,111.37417843060155
1,2024-04-24 20:39:00,37.73237903842213,-122.35449394885151,12.317974238253399,0.5634378689302455
3,2024-04-25 06:41:00,37.713640137018345,-122.4448864618558,3.8641083050058276,21.428892125197805
2,2024-04-24 22:40:00,37.71037954529494,-122.38134100865075,1.7173145709885769,138.18199789619263
3,2024-04-25 03:15:00,37.695623650895556,-122.41309469782391,1.8153750072778956,150.82120446749116
3,2024-04-25 07:39:00,37.725117804780844,-122.44289923354668,1.2027002112285516,127.71766506095432
4,2024-04-24 20:22:00,37.7441725711619,-122.38314273532771,10.180049350088472,130.29119670163138
5,2024-04-25 03:03:00,37.709366079120855,-122.44898688159724,9.541440696143134,328.7833011274452
5,2024-04-24 08:49:00,37.711257346834486,-122.36263014065337,10.859595831991408,43.40102990532849
5,2024-04-24 15:53:00,37.740245330728584,-122.44335561556443,8.009512088216457,51.169364565644756
3,2024-04-24 16:00:00,37.651170661073095,-122.40779657398724,4.425610614812344,174.96017776713708
4,2024-04-24 18:29:00,37.70771998867346,-122.44562609276912,1.8450494268561846,201.11126272215313
4,2024-04-25 06:08:00,37.68431673531727,-122.37708265124506,9.784374728879095,304.41757067636644
4,2024-04-24 21:28:00,37.71924928266692,-122.407006892261,10.094499335916487,99.13722273195067
2,2024-04-24 09:04:00,37.68063134987782,-122.37110148400792,6.696292746023732,287.4169225866069
5,2024-04-24 19:08:00,37.73224223736683,-122.36424376623388,13.74952853761811,155.15467938478665
3,2024-04-24 20:50:00,37.68188668183212,-122.39178012534059,5.5675863515644135,216.38670004808387
4,2024-04-25 05:37:00,37.72055858626439,-122.3811594981508,5.618293305301821,60.06967261155101
5,2024-04-25 04:07:00,37.693052933846225,-122.43574058559182,13.351455527757125,124.51588586562866
4,2024-04-24 14:49:00,37.66544597472234,-122.44745522400943,9.687335794297264,229.28483428370757
2,2024-04-25 07:47:00,37.684060416658134,-122.44282881111523,6.14443342342848,112.0382982228217
4,2024-04-24 12:01:00,37.7177120639735,-122.38942207505474,5.4689059229631,78.44131953179644
2,2024-04-25 06:51:00,37.74880359661556,-122.4045998378804,10.324113536703555,50.59906832820988
2,2024-04-25 02:35:00,37.698558969965944,-122.44724632801307,7.581826768656749,347.04626656237286
5,2024-04-24 21:12:00,37.68842067129858,-122.44610039874252,0.46433686379015293,139.67523358087303
5,2024-04-24 11:06:00,37.666002493646324,-122.44766479036718,11.343204209252653,165.06828319748064
4,2024-04-24 16:53:00,37.67892447719727,-122.35999168169836,1.7420844030078841,344.13077842391493
2,2024-04-25 06:58:00,37.68139667173774,-122.36115963276914,9.044143147191923,297.6146495069355
1,2024-04-24 10:05:00,37.74840131632105,-122.42115945621813,14.417032281113894,140.21348216487132
4,2024-04-24 08:40:00,37.688551190473696,-122.41596128957455,8.121114110213778,55.49221554425535
5,2024-04-25 06:53:00,37.705371148535804,-122.395829518759,11.42852718907305,300.1139862975308
3,2024-04-25 00:08:00,37.69404413503125,-122.41976667506485,3.890023459756417,70.0645812137539
3,2024-04-24 21:31:00,37.6557647582199,-122.41575520211653,4.053715381961749,347.9102589119066
1,2024-04-25 04:54:00,37.70577088262501,-122.41527229609696,8.70701401490544,50.110812484450385
3,2024-04-24 18:43:00,37.694404374920225,-122.3873765678579,7.333467476886771,144.64036823555674
1,2024-04-25 04:12:00,37.74938483888997,-122.36196852378511,9.351089372391602,204.9758500256218
5,2024-04-24 16:12:00,37.71206604798246,-122.42986878921776,5.927066148964779,14.205431840723755
1,2024-04-24 23:50:00,37.697554603748685,-122.39569754160424,3.4162460415481437,347.0503849795849
3,2024-04-25 03:41:00,37.74094546109373,-122.37778567645441,8.000799431480438,313.1888974731666
2,2024-04-25 01:29:00,37.66306523438235,-122.37094902057251,1.8723122095027245,285.91583851778597
4,2024-04-24 16:54:00,37.67757675682514,-122.36229094189818,14.160631407380967,53.56654898584163
4,2024-04-24 10:32:00,37.69626756050654,-122.35190126218373,7.251111539597199,310.87710810523623
3,2024-04-25 05:21:00,37.70887315221314,-122.41246700920804,4.286753332888053,73.16031279099141
5,2024-04-25 05:28:00,37.72617981913777,-122.4113459493177,7.6691319330112675,177.2371728004255
3,2024-04-24 22:06:00,37.70772790292332,-122.36344228543756,14.71109015375144,146.7303150865741
1,2024-04-24 17:16:00,37.732751892210636,-122.37354722053453,8.602934271833599,344.1769717002959
2,2024-04-24 13:42:00,37.67004745155284,-122.43907357896904,12.809429504331332,158.0939339881494
2,2024-04-24 14:20:00,37.73469688542071,-122.36069097948047,0.9368639042860716,318.04731467498186
4,2024-04-24 22:08:00,37.694831905536944,-122.39895675109958,9.398887666398153,333.4977384228312
2,2024-04-24 21:30:00,37.651911609442976,-122.40231565316823,10.31583063645841,260.17450477136225
2,2024-04-25 04:37:00,37.719253243153716,-122.43655648705919,4.490933825575219,129.13758915012485
3,2024-04-24 22:45:00,37.73044372076795,-122.42212401275854,3.1605744580080475,344.6812868537146
2,2024-04-25 04:32:00,37.65088632851135,-122.35021791443181,10.152319482860934,298.24894780168216
2,2024-04-25 02:29:00,37.67946193963462,-122.4485684722333,11.068042778422951,300.2920549202433
2,2024-04-24 11:59:00,37.72404761319535,-122.43571497126992,11.301418833854536,276.81220155875076
3,2024-04-24 19:21:00,37.71585405156701,-122.37338840672045,12.688821595165983,220.89748112548503
3,2024-04-24 23:20:00,37.65886047139697,-122.40123721903329,1.1647400200740758,146.7154911716751
4,2024-04-25 06:16:00,37.690710648912564,-122.44339901558598,5.23230800954219,39.95931556487334
1,2024-04-24 22:36:00,37.73082352100092,-122.35523119740355,1.084747128869079,343.8414746250125
5,2024-04-24 15:40:00,37.70225765993368,-122.42004343220462,1.1529311291424527,180.22473650535042
3,2024-04-24 16:37:00,37.72945155444908,-122.37929135227334,0.7533901719596064,26.244660732445265
5,2024-04-25 05:56:00,37.69028732826327,-122.42047095059522,3.4857648458407176,101.1616196071369
5,2024-04-24 18:28:00,37.73034827432969,-122.35707719463682,6.076540417913496,326.19996076769894
1,2024-04-24 08:47:00,37.68214957012479,-122.40235630136563,3.3904349672399956,230.57137518330384
2,2024-04-25 03:56:00,37.747898111517486,-122.38965069039567,5.367211261703233,233.2142805565902
1,2024-04-24 19:02:00,37.66229206784654,-122.36113409197347,7.5462592616975455,161.76590713427115
1,2024-04-24 19:09:00,37.708586478845355,-122.38752161372106,1.0766370933976954,245.74219964042487
2,2024-04-24 16:56:00,37.67419316803156,-122.37860473674935,12.338021915762951,289.4250627189073
1,2024-04-25 03:51:00,37.70525009674079,-122.39798301076893,2.1431394200911758,279.1246141451288
4,2024-04-24 17:51:00,37.67714093804467,-122.40033045771821,4.264111393912751,48.17821067988953
3,2024-04-24 21:46:00,37.712955769689174,-122.44456679651772,11.229678511892999,114.331246294002
2,2024-04-25 01:03:00,37.650013469300454,-122.39888708607629,0.7027786279140469,99.42104081552381
1,2024-04-24 13:34:00,37.72069764874558,-122.44373103783782,12.590077385340035,1.375172157089919
2,2024-04-24 23:09:00,37.674682386920196,-122.3759095943848,4.744052245939602,36.68125970376487
1,2024-04-25 01:52:00,37.68602339188005,-122.42296067136155,12.640678532408323,112.80525033065153
2,2024-04-24 08:48:00,37.7288932471776,-122.36081278551893,6.507261293647943,327.5795317875811
3,2024-04-24 23:29:00,37.687731805396325,-122.35359215835099,1.339342867883594,247.3269359411674
1,2024-04-24 23:37:00,37.699381404045695,-122.41123511945445,9.490678181229013,253.38855298835924
1,2024-04-24 09:22:00,37.650436326965036,-122.43330469112529,10.69569075951478,239.89874888815433
3,2024-04-24 19:52:00,37.74660475051287,-122.37389622097493,14.261590615970071,252.9145805525305
5,2024-04-24 13:04:00,37.67980522086395,-122.43946350777492,11.727357950174033,231.89371973132972
1,2024-04-24 17:11:00,37.654818601239334,-122.41399495340991,14.351997232264292,180.14441245567244
1,2024-04-25 03:41:00,37.69327291360197,-122.40423003948408,3.1332408600774557,132.73458151132627
3,2024-04-24 20:54:00,37.68698132559872,-122.44476449798125,11.513514427768774,149.94159548539642
3,2024-04-24 23:00:00,37.73221798868165,-122.36496519988802,3.179910820479871,236.64725358124628
4,2024-04-24 23:17:00,37.6972281804163,-122.36198432620786,3.236110187646812,244.01275211161592
5,2024-04-24 09:50:00,37.71077521222527,-122.42046985224282,2.049013554767589,234.59031377181955
4,2024-04-24 22:37:00,37.723859745813236,-122.41843726562367,9.672489060334707,142.24712674014117
3,2024-04-24 08:09:00,37.72132068832826,-122.4300784725106,13.353225039542615,103.4674547276087
1,2024-04-25 07:56:00,37.68677859877562,-122.44419080479197,1.672683184819146,185.71028497643812
1,2024-04-25 00:48:00,37.6767592676728,-122.36645197742578,0.22040082982430764,136.47385752189703
3,2024-04-24 13:47:00,37.68373455467691,-122.44806723690824,1.8655259850076533,148.9113629707087
3,2024-04-25 00:47:00,37.699286458444746,-122.40957102527452,7.964065176181407,214.24740296604534
1,2024-04-24 10:21:00,37.65099238211279,-122.40359048405466,14.452488613313825,186.85162084663753
2,2024-04-24 13:29:00,37.717754226745896,-122.41881361420832,11.609870672291438,278.2517334754014
2,2024-04-24 14:35:00,37.70212960476542,-122.35239861767208,1.8832532214398006,6.101159360249158
3,2024-04-24 18:15:00,37.72701582117571,-122.36928444626352,1.8031084368086436,95.60981986509819
3,2024-04-24 13:12:00,37.65175523633667,-122.42066913892195,11.597128108780073,186.4657899765284
5,2024-04-25 07:14:00,37.68480955931683,-122.41282607050937,0.020304385732022312,107.92818992348492
1,2024-04-24 14:22:00,37.71464587416379,-122.35258055561837,12.705912404758493,8.494187272390485
5,2024-04-24 12:28:00,37.73985606046749,-122.37168015867015,11.705641853564707,164.87847324128575
5,2024-04-24 17:15:00,37.689800529295454,-122.41970842711669,0.9854228843154866,82.16473085773168
5,2024-04-24 22:01:00,37.67466036349781,-122.40159229302898,11.21166609895041,170.57153822326077
2,2024-04-24 19:28:00,37.65578444494472,-122.35422101990119,14.140864786411683,282.66823553342704
2,2024-04-25 06:26:00,37.74913279015642,-122.39555176671998,14.44152525379809,27.21781462203028
3,2024-04-25 05:55:00,37.68656807482614,-122.42746187319933,2.9374962620140503,50.68906160136339
5,2024-04-25 00:05:00,37.712241364156604,-122.37186781442527,8.67447599130541,52.90657545175548
4,2024-04-25 05:48:00,37.73111237699335,-122.38640452928364,5.8224855919049325,242.68690639298268
1,2024-04-24 17:59:00,37.67599049792429,-122.41548077915058,13.762287646979853,104.58162204171134
5,2024-04-24 14:46:00,37.69699882681579,-122.36098588626041,10.615820254012911,22.39316141929299
3,2024-04-25 04:57:00,37.6647303044279,-122.44921584092282,9.463826853437451,161.1624331477506
3,2024-04-25 03:37:00,37.66342748509023,-122.35420658789432,7.944895859184299,87.0815858806401
5,2024-04-25 07:26:00,37.700060357115476,-122.3820379667265,1.1435882696034672,98.89337341724112
1,2024-04-24 08:28:00,37.7306965490884,-122.40403351295974,8.198657130484424,155.81376079540894
4,2024-04-24 11:10:00,37.65438999426431,-122.43342502201799,6.6831245811283635,75.30676754685402
5,2024-04-24 08:50:00,37.65499790286597,-122.36563503359483,14.717887937461738,285.5314346388262
3,2024-04-24 17:37:00,37.73537849217047,-122.4258022869683,14.409404632697996,70.89325360323421
1,2024-04-25 07:59:00,37.74514298103619,-122.35051807060341,10.67584208619073,353.2117434450559
2,2024-04-24 17:39:00,37.706953977956715,-122.4240458216824,6.554938284984313,213.68193673636296
1,2024-04-24 23:05:00,37.6573081562027,-122.38776567353828,14.717667551434419,68.43875392214194
1,2024-04-24 23:51:00,37.72925951162884,-122.35921012062204,14.155523892303313,345.648817585961
5,2024-04-25 03:54:00,37.70214596387215,-122.35226920920086,11.359653107016584,58.20171704530628
3,2024-04-24 17:54:00,37.6976900106468,-122.3781668824628,3.71010473728625,230.62146607759945
3,2024-04-24 17:13:00,37.71666004790467,-122.43373002561916,8.476279686791344,277.78568795229876
3,2024-04-24 12:53:00,37.6998895664536,-122.44878968832239,0.13557703618938266,128.5305638292044
4,2024-04-25 06:59:00,37.74261940684318,-122.42713232203964,9.515455333075307,79.94731344959541
1,2024-04-25 03:41:00,37.68216699896596,-122.36519579103985,10.932921634049203,34.34373983275583
1,2024-04-25 05:58:00,37.692870202098646,-122.44708302363549,7.213352199045135,238.4762442123845
3,2024-04-25 05:52:00,37.66185026235982,-122.42111150610909,5.967549382532354,331.0311688761779
5,2024-04-25 06:09:00,37.7493255015423,-122.44550887010044,11.415118852430881,133.82066390484357
2,2024-04-25 00:57:00,37.68924581862295,-122.3745735026653,13.776396482181129,342.3342940209174
4,2024-04-24 19:25:00,37.707712258603834,-122.41428788406995,11.813236287881688,90.3604979744281
3,2024-04-24 16:43:00,37.70640740288336,-122.41414215384752,9.849466105618141,86.54360864166249
5,2024-04-24 20:56:00,37.66915929457348,-122.35817609133247,1.5270552442430536,182.1448467845754
4,2024-04-24 20:00:00,37.6720852782963,-122.44610700366744,0.5402822743713959,63.07983795809784
5,2024-04-25 01:24:00,37.736677035450604,-122.4217521256023,14.256887558629435,209.38402547610968
2,2024-04-25 05:26:00,37.69366141897688,-122.39199111653306,7.750475778394017,273.15945135263706
5,2024-04-24 22:26:00,37.67824960659729,-122.41469496083998,13.41141453799876,340.724344734146
2,2024-04-24 21:14:00,37.73925582274865,-122.40805520060428,11.705482545103225,171.48086398839555
2,2024-04-24 19:53:00,37.69975398521461,-122.42953198909427,8.866954548877747,67.00892319120526
3,2024-04-24 18:00:00,37.68315646990672,-122.36449697983801,3.106137138162828,25.616982662435813
4,2024-04-24 16:37:00,37.65690075926128,-122.35592154794969,7.603806569427519,147.3883458541266
1,2024-04-24 09:39:00,37.73108785810079,-122.36641740720896,4.982865496734069,249.7025006905663
5,2024-04-24 11:25:00,37.72711228158519,-122.38453493131341,2.2739261220014906,315.31791006614054
4,2024-04-25 03:09:00,37.7039094552736,-122.42175275736301,6.378422781565408,13.525592543606656
2,2024-04-25 02:30:00,37.662786680122245,-122.37344532494842,0.0001745213304921167,149.96369825362518
1,2024-04-24 19:56:00,37.70225101810856,-122.44453655799991,14.596172444584992,81.40511924988189
1,2024-04-25 06:27:00,37.68041987196363,-122.4196057487745,3.4562499317602486,0.5305759510721098
3,2024-04-24 08:48:00,37.7229344794088,-122.35331545002008,3.3644022492756758,238.69698904923206
3,2024-04-24 11:47:00,37.724189632695875,-122.36515746209095,6.339437955204136,109.05512603055453
4,2024-04-24 16:23:00,37.68252951340231,-122.37873786669016,12.25169199758454,65.38102839237696
1,2024-04-25 03:27:00,37.68709410081578,-122.35980598032509,12.100402795421088,354.5490249944913
2,2024-04-25 03:25:00,37.72542482596821,-122.41068047989721,8.859567509919566,237.96513152903532
5,2024-04-24 08:24:00,37.65784558163171,-122.39555030408962,10.639812427089144,60.235669440381734
1,2024-04-24 16:07:00,37.72806317174256,-122.3916227219486,14.28332678546392,15.272027354481011
5,2024-04-25 00:07:00,37.67653261375555,-122.38984461207002,4.448398683088961,257.1926990656472
3,2024-04-24 11:49:00,37.7259005282522,-122.43974840359336,7.707816963101516,183.20060001278011
4,2024-04-25 04:17:00,37.686928077021555,-122.35670751374303,12.412594798098318,250.99537748746923
5,2024-04-24 17:56:00,37.7214326635735,-122.4038283856187,13.814917816448638,250.05435381118275
5,2024-04-25 06:38:00,37.72289810616559,-122.36383090962127,4.111073840132865,290.5455253920131
4,2024-04-24 19:19:00,37.66952406029565,-122.41546580477552,5.03415681404764,352.2691686200906
5,2024-04-24 09:47:00,37.73565372237479,-122.37988301384098,10.905851424230852,202.34620598492558
2,2024-04-24 12:22:00,37.744709066710854,-122.40037412471177,5.707765648048418,58.69272129537276
4,2024-04-24 21:13:00,37.72862056522611,-122.37655560679245,5.765325577862023,9.06962902532257
2,2024-04-24 19:44:00,37.7338997327718,-122.4488582016546,10.555496694435764,349.29255950138054
5,2024-04-25 03:58:00,37.69376613281482,-122.42650265950041,10.573065150650725,294.16613112561066
3,2024-04-25 00:08:00,37.70464303160779,-122.3532964724744,0.7750308248694165,181.72641538963012
3,2024-04-25 04:46:00,37.721845394732256,-122.3637359528851,2.6888341786168506,288.00125343492533
3,2024-04-25 07:39:00,37.705270707571856,-122.41034463180101,1.9757254286864034,311.50647320720844
1,2024-04-24 19:33:00,37.66572732081797,-122.4190212140791,4.350682979436553,313.70905230870756
1,2024-04-24 18:43:00,37.717270299420896,-122.37033186028087,3.7570184818874846,224.9546758585196
3,2024-04-24 14:17:00,37.707174598314374,-122.36671696232118,13.591305907218908,4.376437731859251
4,2024-04-25 04:10:00,37.71740199190588,-122.44481642008803,8.232879976160339,103.54778245572416
2,2024-04-24 18:23:00,37.68067765995222,-122.41470414965477,9.319386735744152,120.25798764075691
5,2024-04-24 14:15:00,37.723269905059034,-122.40954726144263,1.0252980046493794,282.1535432942786
5,2024-04-24 13:13:00,37.67857583245927,-122.40672331204009,10.281658248328522,119.68421657353633
5,2024-04-24 17:00:00,37.65565856561467,-122.41260789529872,14.166728740414552,231.02438302748095
3,2024-04-24 17:51:00,37.71714791486672,-122.38677178463624,2.984882084391552,150.60019107682083
5,2024-04-24 16:58:00,37.72509397983634,-122.4398627102447,4.1677916413456835,99.4748790477073
5,2024-04-25 03:37:00,37.693201892759454,-122.35196312590578,1.012538200257329,186.7323579770142
3,2024-04-24 15:05:00,37.667936468201226,-122.35293234545904,1.699552570911963,145.29636085017285
5,2024-04-24 21:16:00,37.723788498483465,-122.37954455719726,6.340929553408984,124.74870046297856
3,2024-04-24 09:38:00,37.689761237855286,-122.42357237368414,3.079994080601997,173.89429112120038
3,2024-04-25 01:37:00,37.67685337560676,-122.42125383351028,9.851340952118356,348.67343941196117
5,2024-04-24 08:04:00,37.71036372005594,-122.4423020532935,1.1337542078110046,342.5123595044038
2,2024-04-24 17:26:00,37.679729079030736,-122.44079330139176,8.985668807255724,224.5135601844958
3,2024-04-24 23:30:00,37.71485048201187,-122.42325979721426,0.2266602632171255,347.4055330036099
2,2024-04-24 14:25:00,37.67508930456911,-122.38239737119476,10.599448048180644,219.60267014861486
5,2024-04-24 22:51:00,37.68129073942137,-122.4228903746236,8.965024240540547,311.79442810020896
1,2024-04-24 20:00:00,37.74467337289234,-122.43940941955962,2.3224291889657978,340.1050531619087
3,2024-04-24 10:24:00,37.72365352283348,-122.36170061751703,3.0394895120301473,211.53091359938466
2,2024-04-25 04:34:00,37.72011395944175,-122.38198881145532,6.122275363000472,5.542161008871052
5,2024-04-25 06:30:00,37.70829260568043,-122.42468984608205,6.753813692143355,344.72916543017425
1,2024-04-25 03:12:00,37.689903531764244,-122.36601983933356,2.828109086238767,242.0857792890104
3,2024-04-25 00:42:00,37.747700695443896,-122.43981068991272,0.12479913340788018,156.08980534774116
3,2024-04-25 04:33:00,37.659262548305136,-122.37516156503239,13.718229957728385,156.24755017515318
5,2024-04-24 19:58:00,37.67587116421555,-122.40655966809935,10.851717267750015,3.2594981689335523
2,2024-04-24 10:23:00,37.70894539894847,-122.38867083151126,9.565323703439033,87.12794879311579
1,2024-04-24 08:08:00,37.72140527233782,-122.44086085136682,2.989055047002012,315.8892167956135
4,2024-04-24 23:36:00,37.72387231507266,-122.44862544459887,3.725643905547003,77.18633387753924
4,2024-04-24 11:55:00,37.6770806328037,-122.42524402297202,0.9378944361426861,165.21858597485533
1,2024-04-25 05:11:00,37.72327334747862,-122.38932682752827,10.093075028971196,29.213704273046094
5,2024-04-25 05:05:00,37.74514907101768,-122.3661508166157,12.07635477743494,296.2741698150363
4,2024-04-25 00:20:00,37.74327105081328,-122.39557460338864,3.004230268014388,222.0420988269148
2,2024-04-25 07:09:00,37.7242881493668,-122.3762082606646,7.821735362503201,24.6451389600881
5,2024-04-25 01:16:00,37.68711129384302,-122.35792333915367,8.76673364636139,193.79949957205685
3,2024-04-24 08:27:00,37.67688535143822,-122.41315510800835,13.43019133729754,239.92669710966086
4,2024-04-25 00:16:00,37.72873870267524,-122.40456545769324,9.453708291842368,89.41809914755471
4,2024-04-24 08:24:00,37.72054608302835,-122.40723986662967,6.638182722221184,233.7560368476774
1,2024-04-25 05:35:00,37.7436280621469,-122.44359936533914,12.371148560205114,105.25791974838953
5,2024-04-24 15:02:00,37.69439194545064,-122.4478086671225,4.515691167514696,180.94724734684698
1,2024-04-25 04:41:00,37.65561760773475,-122.40089042706168,13.90665943287641,37.94155851880988
1,2024-04-24 14:16:00,37.72644407280755,-122.4090328946624,9.82760571786507,93.68517527468256
5,2024-04-25 02:31:00,37.66594922625414,-122.43395373857288,1.0573791846471696,66.8328137644475
3,2024-04-24 19:49:00,37.7164219384989,-122.36183093881566,12.211885283867428,246.64835155481427
3,2024-04-24 23:24:00,37.66104318634111,-122.42108125537041,4.647103129837035,89.98450070314364
4,2024-04-24 08:21:00,37.701500565970974,-122.39644461851204,5.353289627566653,127.36409714511697
2,2024-04-25 05:57:00,37.73285555979061,-122.37107071516803,4.616937475211184,328.96383979437337
3,2024-04-24 21:16:00,37.745281501700255,-122.417325745797,5.316374231895823,182.0282952319052
2,2024-04-24 09:14:00,37.74411208125337,-122.36236805668578,1.538519438753847,141.38306757770982
4,2024-04-24 23:02:00,37.70533711897498,-122.39968675274486,2.90794601905339,309.17403762053567
4,2024-04-25 02:47:00,37.71769407829969,-122.36620916251482,12.881464190242083,269.4081073196663
1,2024-04-24 21:05:00,37.69392106012497,-122.38894532449847,2.405481091796147,242.51235029096676
1,2024-04-25 01:05:00,37.66792532557393,-122.38060504094899,3.44397241130953,42.31846805407919
1,2024-04-24 16:57:00,37.6665284490143,-122.4498007864781,10.781094267802954,263.6643776610165
5,2024-04-25 05:42:00,37.701493334991326,-122.43386371989446,1.2533150626603462,6.886427917423323
1,2024-04-24 10:50:00,37.66657481769653,-122.3609144465017,3.6230526255252267,127.53767779819763
3,2024-04-24 10:08:00,37.66053454844813,-122.4277638695252,7.788368561703077,218.79096591443493
1,2024-04-24 19:46:00,37.67453523141663,-122.4442267840775,5.86549303691098,84.3132135334803
1,2024-04-24 18:34:00,37.671955392322985,-122.35401371972866,9.244507288885861,200.47623954195453
2,2024-04-24 08:28:00,37.69157751035233,-122.407105566657,8.113575057571213,250.7147305329986
1,2024-04-25 05:01:00,37.72021460961819,-122.43283060922946,7.501691281149404,148.3049142122767
5,2024-04-24 12:54:00,37.73705269662694,-122.38685810787817,7.987560996239727,41.542071184410254
3,2024-04-25 02:37:00,37.71056378893235,-122.43827960943199,5.058098633486281,51.42310733315947
5,2024-04-24 09:32:00,37.71920736470244,-122.42937478861639,5.8778905978203895,322.44291994276034
1,2024-04-24 09:56:00,37.6704316383399,-122.39921949360412,6.28907491749033,6.524654776462704
4,2024-04-24 15:54:00,37.72927581135728,-122.44309540936854,7.113825314654304,201.84418617802197
4,2024-04-24 17:26:00,37.71284264566146,-122.38113683706922,3.7990857528407265,3.5923595970417743
2,2024-04-25 03:01:00,37.7223443662355,-122.39643434006524,12.541765548108732,295.69981064424996
4,2024-04-25 07:01:00,37.734332616778794,-122.40149053400205,5.004425937552985,284.9609529328932
2,2024-04-25 03:58:00,37.69512941130293,-122.43165578035966,12.824610293422115,317.721555638045
5,2024-04-24 12:58:00,37.69663097561402,-122.44243002726903,5.817391348753969,289.27355740653724
1,2024-04-25 04:38:00,37.74017740285463,-122.42965272575024,1.0046041803790728,315.8461631278219
1,2024-04-25 03:01:00,37.68894049389789,-122.39582390357324,14.520987180761384,23.963302049120227
1,2024-04-24 12:24:00,37.71483180074521,-122.44258945774251,5.632033926997505,289.3732362696408
4,2024-04-24 14:44:00,37.693347223275566,-122.3502817646097,8.385889274199032,115.61837494894326
2,2024-04-24 15:38:00,37.67201113259048,-122.41494794657139,5.587999106393262,24.736923980625953
5,2024-04-24 20:47:00,37.68695741994268,-122.40357614802609,10.84106628358207,236.42261449977886
3,2024-04-24 20:12:00,37.72087656552292,-122.44916363181233,3.2650109937080405,238.20634382394834
2,2024-04-24 17:07:00,37.69839893681798,-122.44946865243317,12.067419636477336,278.2114463845215
3,2024-04-25 04:47:00,37.70484191629936,-122.44335366742237,11.49772574298877,210.13689158329103
5,2024-04-24 16:18:00,37.7281959977158,-122.37482530076042,12.045031079367558,186.48290390566493
3,2024-04-25 03:50:00,37.66403245181935,-122.38288425266204,9.307106775779559,267.2111473916714
4,2024-04-25 07:54:00,37.666988100605074,-122.43050248000998,13.356142758289927,269.9920074427455
5,2024-04-24 11:18:00,37.74082284887003,-122.37412846788361,8.957329589854528,235.4877853300345
2,2024-04-24 10:53:00,37.738912792394004,-122.39211932454882,9.48586986492581,56.33161776129621
2,2024-04-25 03:24:00,37.697392122011614,-122.3783602888042,4.064140474745481,72.81150498883257
3,2024-04-24 22:11:00,37.681382680822445,-122.42584993720072,3.2236895555459375,152.9463034325113
3,2024-04-24 08:21:00,37.74078385138836,-122.39929403532614,2.8188057122298456,27.709800977114668
2,2024-04-25 07:43:00,37.71961561451379,-122.41172012355636,12.327464198780389,237.42387671067726
4,2024-04-24 13:55:00,37.72962414505414,-122.42280539605817,10.385383836915873,95.06231448973875
1,2024-04-24 11:01:00,37.743906847945034,-122.38636257184667,4.867677002630131,97.02427042521815
4,2024-04-24 09:35:00,37.66909265850717,-122.38053590411063,3.2807341949689093,214.30917573389607
4,2024-04-25 01:26:00,37.67646350269254,-122.38380310552061,12.224095928108088,280.08908753207515
1,2024-04-25 00:38:00,37.72608513309308,-122.43122775943078,1.3257742047677805,251.62157825545881
5,2024-04-25 03:36:00,37.68683472137944,-122.40676537735968,0.46723639190086597,93.4475217390177
1,2024-04-24 21:12:00,37.65336764038745,-122.36208142273988,3.650950248277957,200.6413810462829
5,2024-04-24 18:43:00,37.653897932066116,-122.38331526086944,4.845410186311408,323.2509073047597
4,2024-04-24 11:03:00,37.7388118188934,-122.41747093816383,13.514413435357019,358.6167624595604
2,2024-04-25 04:30:00,37.7325415664124,-122.36551286522449,3.7351310416363486,207.61286358879227
3,2024-04-24 16:42:00,37.65672559139674,-122.44050820631784,14.983389180499358,117.59012979332793
5,2024-04-25 03:04:00,37.724818391204884,-122.36933349469733,12.870349065108439,359.14618706477637
2,2024-04-25 07:34:00,37.67414964852569,-122.44596491731403,6.167872769918789,46.829041138420905
4,2024-04-25 04:22:00,37.65224258891621,-122.41395731728586,11.756073766128546,203.8250488410255
4,2024-04-24 15:05:00,37.68127779892104,-122.38456579945074,3.480272704632161,5.177320585950609
3,2024-04-25 05:30:00,37.72643533864365,-122.3876256915136,11.4345393675144,14.01768600755962
3,2024-04-25 01:51:00,37.73371196278307,-122.38804737999638,8.450930260689603,224.86105732123136
2,2024-04-24 12:20:00,37.73644332468684,-122.39130634934412,8.71425569832269,356.6444965436757
3,2024-04-25 01:34:00,37.72567301670686,-122.4057706194549,10.610955000493917,140.12296980904387
2,2024-04-25 05:27:00,37.672887546248354,-122.39031481231123,13.922731471709271,334.4902272055666
2,2024-04-25 05:15:00,37.68419052781055,-122.39723225337784,3.174538478547918,358.427199419598
3,2024-04-24 19:43:00,37.748111790786794,-122.38504910702926,12.0662108951621,257.436058062132
3,2024-04-24 21:25:00,37.70931582190395,-122.44466520030112,6.821465138289916,242.92306878026778
1,2024-04-24 08:28:00,37.71775316138837,-122.41268773815777,14.125379799870458,60.24853160524116
2,2024-04-24 21:15:00,37.70003594462156,-122.38091160234492,10.457037088377138,233.5100244367736
5,2024-04-24 20:44:00,37.67752882134519,-122.43437934313134,9.539104902400663,215.74876181019758
2,2024-04-24 16:38:00,37.66793560102893,-122.37948608544295,6.8275798760048465,240.39381297713504
5,2024-04-25 04:06:00,37.733736707977016,-122.43302715714232,0.2871730199525502,280.47693110248326
5,2024-04-25 04:54:00,37.71096974251527,-122.38003604303779,12.572324624829639,289.0119365368202
5,2024-04-24 17:17:00,37.746092014692884,-122.39640649211479,7.327434489898581,144.67939196066283
1,2024-04-25 02:15:00,37.66536910428442,-122.39273927671181,4.155187864889681,331.67070439667117
2,2024-04-24 14:30:00,37.708319080427714,-122.3907159819492,5.32386991315515,18.716166711974694
2,2024-04-24 16:17:00,37.6531743765373,-122.40766648558468,1.2684806714585677,218.46490399445008
5,2024-04-25 02:52:00,37.73809730056397,-122.36170851834814,9.885681151983485,76.04345933025516
5,2024-04-25 04:22:00,37.73629968313589,-122.36139065646869,2.949803774294381,265.4733908774438
4,2024-04-24 09:24:00,37.678651954892715,-122.36973596876472,14.95856849855404,10.809361918581413
2,2024-04-24 21:59:00,37.7397365865791,-122.38773694664015,14.600739287472317,167.40342630951395
4,2024-04-24 21:47:00,37.73473879305714,-122.44376059314018,5.029185751174436,24.12595359043559
2,2024-04-24 09:17:00,37.74753431334791,-122.36830260927282,12.788211318689557,337.6674833162019
4,2024-04-25 03:04:00,37.65851034861198,-122.41144024074868,1.065523335660032,75.8855165580103
5,2024-04-25 08:00:00,37.67293657770377,-122.40308927889525,4.028432511804639,36.352118454393995
5,2024-04-24 13:35:00,37.666749108909414,-122.43527244364479,14.596151968684474,273.3453024906505
5,2024-04-25 01:26:00,37.74677614652696,-122.40602595134922,4.175527224939849,287.3855509953072
3,2024-04-24 16:42:00,37.682625391804116,-122.42006166262946,3.487589883117468,46.684432160724725
5,2024-04-24 19:30:00,37.675646306101676,-122.41446802515262,10.109913122185956,22.523343199002568
2,2024-04-25 05:14:00,37.671050693966535,-122.36909763597083,2.2038288537565616,123.35225274810776
4,2024-04-25 07:00:00,37.73646589218582,-122.43450746888566,1.2410525342728485,174.4336782288039
1,2024-04-24 17:35:00,37.680241951127854,-122.39365916355162,12.057073357252127,49.37345573498754
1,2024-04-25 00:54:00,37.70806990845543,-122.39944912396102,2.1611817901979933,224.63945479043366
4,2024-04-25 03:48:00,37.67736404178608,-122.4012165681456,1.2340848641559283,165.4502605969043
2,2024-04-24 23:50:00,37.68064634680429,-122.36776187888147,0.8546809049605242,150.69861897059877
2,2024-04-24 08:35:00,37.695843142413146,-122.3774993923701,8.614313626353166,240.19644138990517
2,2024-04-25 03:12:00,37.72770492856518,-122.36377970263419,4.7081324508370574,193.68817393100505
4,2024-04-24 15:40:00,37.73401080784392,-122.3510548869035,13.342789665656447,133.72821454477565
1,2024-04-24 20:10:00,37.66951665172187,-122.40106074625935,11.124621777540634,177.32486547118714
5,2024-04-24 21:56:00,37.69831808633137,-122.36617695789182,5.4210566860077956,309.5260829321924
1,2024-04-25 06:31:00,37.690680480095175,-122.41717668943217,6.809848667995485,274.48090512295266
1,2024-04-25 06:09:00,37.6626002027864,-122.43035807841281,14.27167238494638,63.176985857288656
3,2024-04-24 16:44:00,37.70677273179311,-122.39206855333381,7.344366930753672,232.1082894876547
3,2024-04-24 08:14:00,37.672982672579764,-122.39473377322233,5.582598828703457,238.20021346650805
2,2024-04-25 06:08:00,37.664122354337316,-122.39291225831606,2.7790553307498556,100.3115027214131
1,2024-04-25 03:18:00,37.67187098003236,-122.43171622201312,12.385664273410004,102.85472435792052
4,2024-04-25 04:46:00,37.74271237818645,-122.35300734746549,8.56890704905646,51.480404159661504
1,2024-04-24 17:03:00,37.68745482433796,-122.37022677366518,5.510860930456057,31.326198589003948
2,2024-04-25 01:42:00,37.70567849109282,-122.3654879148504,11.938895807152536,63.04433044692716
5,2024-04-25 04:50:00,37.71727646144125,-122.42794957365643,3.2731130182825834,314.6658383898667
2,2024-04-25 07:13:00,37.674966895274025,-122.42367526534821,0.009800861419493323,313.44085228518634
4,2024-04-24 10:19:00,37.729259481320916,-122.38726710649094,11.253986459082634,54.73748427281705
5,2024-04-25 03:41:00,37.69583235945876,-122.41487806126513,1.4066478938552474,175.00697467737268
4,2024-04-24 22:46:00,37.742073965034265,-122.44599408809493,4.371913702406908,74.71473703405324
5,2024-04-24 13:17:00,37.67381466536657,-122.35915654481207,7.021035813514352,167.86778865833477
4,2024-04-24 09:44:00,37.72605756424553,-122.43455077959952,7.308980311500762,154.7946770835815
3,2024-04-25 07:34:00,37.70969106905467,-122.35004422967496,11.541733411230707,143.23165308627378
5,2024-04-24 08:47:00,37.73275530522741,-122.43292916366876,0.4569552946344019,73.6014140871383
2,2024-04-25 06:12:00,37.68404115561143,-122.39894192425405,9.226937108117998,327.8180581971918
1,2024-04-24 13:22:00,37.70098540095505,-122.39987243553743,0.753645147344732,12.568158956240572
2,2024-04-24 19:30:00,37.70511599619164,-122.40618213867518,12.58770592470448,57.844650496264265
1,2024-04-24 17:01:00,37.65249716621171,-122.40509612320699,3.5621783512838623,17.86117440198148
2,2024-04-24 22:54:00,37.72245982868476,-122.43884070000428,9.124792500116575,101.1779100600801
3,2024-04-24 13:19:00,37.667349605035504,-122.41202484770807,12.021686643344305,141.15368768564616
5,2024-04-25 01:05:00,37.72507696492111,-122.43745137032009,11.591571294976188,85.29599696639352
2,2024-04-24 22:29:00,37.71773931298889,-122.3934218445159,13.93717075817531,139.43610647111305
3,2024-04-24 17:09:00,37.656616518883446,-122.44808445144488,12.402878414591298,188.90482955811558
4,2024-04-25 02:03:00,37.727524405183495,-122.42655743999886,5.176256182698506,10.837393996074818
1,2024-04-24 17:17:00,37.74614923245741,-122.38321320932992,13.998076316389593,95.57870667446603
2,2024-04-24 08:37:00,37.711146361122566,-122.38215000317074,4.763245503863827,305.31932460562683
5,2024-04-24 11:50:00,37.74471614629003,-122.36151448823041,11.086004639090588,99.88728470098346
1,2024-04-25 07:22:00,37.678161604210565,-122.3536639679554,0.15426743903538043,257.77799036717204
1,2024-04-25 01:44:00,37.72062461625553,-122.38773104590503,14.851632691302987,112.27659687494108
4,2024-04-24 17:00:00,37.68399718637933,-122.44210605970535,6.641972048156061,93.9774694445453
4,2024-04-24 08:20:00,37.68433867021777,-122.36654282097444,14.032267702912437,66.86390592186683
5,2024-04-24 16:16:00,37.68725089315535,-122.35713694378846,0.9271269103383395,33.249790120096264
2,2024-04-25 04:57:00,37.666279098920626,-122.39047871658732,2.257084065089962,348.50749732226404
2,2024-04-24 11:38:00,37.694671452725856,-122.39984820396499,3.699879237081097,169.54569087650407
4,2024-04-25 03:02:00,37.716191363263704,-122.3748822863046,11.308021240648696,208.0408005698718
2,2024-04-24 13:53:00,37.74043597749939,-122.36825921526939,11.355721720479382,20.017987804965824
5,2024-04-25 01:33:00,37.650687796221966,-122.42875527228045,9.952853908701783,148.0310959977165
3,2024-04-25 01:15:00,37.69024062592993,-122.36154131117705,13.433442721977581,327.30309505929085
2,2024-04-24 11:22:00,37.681387807651504,-122.38089441872609,4.074497719115545,68.61953990680192
4,2024-04-24 12:09:00,37.66846324573474,-122.41578923791364,6.4493642966973255,299.1417015798246
3,2024-04-24 22:26:00,37.661989109347275,-122.37650741526052,7.97182371283958,103.66032336335729
2,2024-04-25 07:29:00,37.699281958453284,-122.4200057930223,8.94122932857459,156.18381222788793
2,2024-04-24 16:12:00,37.66644055290789,-122.43834169254444,8.200435231081952,324.86869198299723
4,2024-04-24 14:08:00,37.68439576865577,-122.37669998927774,9.879920324096505,335.35976915141316
5,2024-04-25 07:11:00,37.73209810172992,-122.39333947410945,9.85545747351161,323.41912797025253
1,2024-04-24 11:49:00,37.68995187845869,-122.41732052941423,0.1621662545279451,297.5583867089271
1,2024-04-25 03:39:00,37.73009807004034,-122.43955454818999,8.652860716990503,167.03341134007945
1,2024-04-24 16:19:00,37.66187090955091,-122.35194317729393,3.2204383119503315,24.204304832602013
2,2024-04-24 09:34:00,37.70948473795019,-122.3761133322867,0.48665169070780445,237.13834994172797
1,2024-04-25 05:37:00,37.70322918759515,-122.4396734991125,2.587858154195431,204.470747033789
4,2024-04-25 04:43:00,37.679635761351335,-122.35616842713488,12.281103442260761,354.08419434491867
5,2024-04-24 16:36:00,37.675967083895046,-122.35302763672021,6.468508046873368,125.10676631295166
3,2024-04-24 15:19:00,37.65503495269694,-122.44472347421404,10.38016883919982,164.85443799625006
1,2024-04-24 23:10:00,37.67265216260361,-122.38860296936748,3.7928717737516675,207.94743156399213
2,2024-04-24 11:56:00,37.68592087469827,-122.36764477733882,12.31044241150169,171.84614332406449
5,2024-04-24 10:35:00,37.685081910933505,-122.4137440203441,12.085717885023268,118.14461380714032
1,2024-04-24 17:30:00,37.67090593737069,-122.44153116581248,7.000396813266126,173.56755561114306
2,2024-04-24 16:50:00,37.734090871040294,-122.4278761303554,5.714869105025999,291.02606600172874
2,2024-04-25 04:58:00,37.7323623610749,-122.41153889240213,6.886860349300213,109.18292070574185
2,2024-04-24 22:08:00,37.743255487841935,-122.43813562342585,14.006241345022051,246.19192266072355
1,2024-04-25 07:06:00,37.703157215268675,-122.44673409392156,7.133942877330124,146.7893178009836
5,2024-04-24 12:55:00,37.66612188119751,-122.38435903964994,14.567263610524288,202.38797198322905
4,2024-04-25 01:04:00,37.7214753276444,-122.4431549547434,6.265004937254921,41.889054659218516
1,2024-04-24 15:15:00,37.711279583553655,-122.35615178417859,9.926665987074578,27.649097393191752
2,2024-04-24 22:29:00,37.68546662049851,-122.39493366205592,6.048116341998783,300.111843771062
4,2024-04-25 00:52:00,37.731467100471,-122.38881689798968,5.601869176990578,91.92109455476789
3,2024-04-24 21:19:00,37.66058743182131,-122.41451023165135,6.197587758115793,243.2962530374665
3,2024-04-25 04:59:00,37.71581598242976,-122.44298918603587,5.9288897314673665,65.4403921982503
4,2024-04-24 11:32:00,37.665681270531685,-122.36726978502628,0.628728250743863,150.90583532476367
4,2024-04-24 10:53:00,37.666820365576655,-122.36206697843215,8.355607699125526,83.2970290956653
5,2024-04-25 02:40:00,37.70024272871664,-122.37685136402969,14.371770133791507,79.36056152835081
3,2024-04-25 01:39:00,37.738618177212935,-122.35656958858326,13.746308167980994,228.74916847028754
1,2024-04-24 09:13:00,37.71298206544348,-122.40967893668163,11.285968234556819,191.2658466063355
4,2024-04-24 08:26:00,37.71774380712283,-122.40715420961513,10.972446960647085,296.80974633763765
2,2024-04-24 21:36:00,37.66464362566028,-122.36670702844258,8.104447976854608,304.07972727248074
2,2024-04-25 07:57:00,37.693130170634106,-122.41209595146171,13.725910987758336,90.42093631742446
1,2024-04-25 01:03:00,37.73442123252862,-122.40159794274906,7.711431638268896,111.04858133621424
5,2024-04-25 04:10:00,37.70730422006191,-122.41747888037239,0.5890412136247847,97.91949792396818
2,2024-04-24 19:42:00,37.65063790434066,-122.35216452129433,14.486208147296212,142.2559070900298
3,2024-04-24 10:51:00,37.722837085433966,-122.41541939015896,10.066397356289642,289.9548154965525
1,2024-04-24 13:24:00,37.744675624469224,-122.40997877241504,11.749469744340715,95.73424222756276
4,2024-04-24 15:18:00,37.74903323037937,-122.44742304012357,9.052932097516814,237.42215339447776
5,2024-04-24 18:41:00,37.718804555707415,-122.43796124212109,14.077946752096956,65.22598045802981
1,2024-04-25 06:03:00,37.712275340323984,-122.42773239208769,4.608246255319063,196.72507502212477
2,2024-04-25 02:51:00,37.69171934185646,-122.43397743990235,2.564046036312724,150.53212373860788
5,2024-04-25 02:52:00,37.72572829782755,-122.36020353531522,1.2619149338907425,141.5174067213844
2,2024-04-25 00:33:00,37.66002455637229,-122.44834075193674,9.92578023965935,216.8817991079716
3,2024-04-24 11:46:00,37.66630191138149,-122.4266187166907,0.3556163046677757,300.58099404998535
3,2024-04-25 03:09:00,37.74746905960486,-122.43645404632053,3.472128206479472,312.62742862089624
2,2024-04-24 15:19:00,37.74264637979562,-122.40803726171933,0.7593370840361119,14.181060129414984
4,2024-04-25 06:36:00,37.70739498660691,-122.41071048911068,0.42978641366481773,209.97086123252043
1,2024-04-24 19:08:00,37.651130253658906,-122.37126280418508,4.596492340550574,14.492881083323557
4,2024-04-24 18:41:00,37.708835222098315,-122.4102315585567,14.607006200357242,195.91151850133278
2,2024-04-25 06:49:00,37.6775239181037,-122.3790561135366,4.07238003814067,325.52758490672346
4,2024-04-25 01:37:00,37.68747219705074,-122.39501314372238,0.7585965573634329,153.4036456628031
1,2024-04-24 21:13:00,37.7332363539661,-122.36943511946367,3.3647783828028937,81.38846556380257
2,2024-04-24 12:14:00,37.731730531221324,-122.35696015798307,1.4304138190950533,162.0211101934411
2,2024-04-25 06:24:00,37.683745427896426,-122.36293115445426,1.2528737202002815,76.00533932089347
2,2024-04-25 01:09:00,37.72524683375865,-122.44487061510189,7.388030710714339,159.1585324846992
3,2024-04-24 13:02:00,37.683440117898876,-122.41054276846812,7.949108803953494,58.09224901981792
